,Unnamed: 0,Term,Instance,Trans,Annotation
0,0,Trump,#FVD is passé net als #Trump 👋👋 https://t.co/ZGQJpnjA7x,#FVD is passé just like #Trump 👋👋 https://t.co/ZGQJpnjA7x,-1
1,1,Trump,@fvdemocratie #FVD is passé net als #Trump 👋👋 https://t.co/e7QXtua3M5,@fvdemocratie #FVD is passé just like #Trump 👋👋 https://t.co/e7QXtua3M5,-1
2,2,Trump,@JanHofdijk @DrJHAmsterdam Kleine winst maar in feite een forse dreun voor de #Republikeinen met al hun macho #Trump praatjes,@JanHofdijk @DrJHAmsterdam Small profit but in fact a big blow for the #Republicans with all their macho #Trump talk,-1
3,3,Trump,#Midterms2022 Huis 218 #republikeinen #Trump,#Midterms2022 House 218 #Republicans #Trump,1
4,4,Trump,Gisteren wist @bsoenensvrt ons tijdens LIVE #vrtnws nog te vertellen dat niémand tegen #Trump durft op te staan.… https://t.co/hxbY0KpQsB,Yesterday @bsoenensvrt managed to tell us during LIVE #vrtnws that no one dares to stand up against #Trump.… https://t.co/hxbY0KpQsB,1
5,5,Trump,Lekker #Trump weer afzeiken terwijl je weet dattie gelijk heeft.… https://t.co/pFeN8MvRjY,Nice to piss off #Trump again knowing you're right.… https://t.co/pFeN8MvRjY,1
6,6,Trump,Er is nu een #youtube kanaal dat alleen maar 'Donald #Trump'-nieuws streamt.,"There is now a #youtube channel that only streams ""Donald #Trump"" news.",1
7,7,Trump,#Congress #Pelosi #Biden #Trump https://t.co/JV4Ue11Onv,#Congress #Pelosi #Biden #Trump https://t.co/JV4Ue11Onv,1
8,8,Trump,"@MeMysel50642341 @D66 Tsja, beoordelingsvermogen van een #Trump apologeet.","@MeMysel50642341 @D66 Well, judgment of a #Trump apologist.",-1
9,9,Trump,Ik vertrouw #ElonMusk ongeveer zo veel als ik #Trump vertrouw:,I trust #ElonMusk about as much as I trust #Trump:,1
10,10,Trump,#Trump #Baudet #Gideon zijn allemaal bedriegers Trump ik zorgde voor:,#Trump #Baudet #Gideon are all impostors Trump I provided:,1
11,11,Trump,"Wat zei #Trump nou bij zijn #TrumpAnnouncement ?  ""America's comeback starts right now""?","What did #Trump say in his #TrumpAnnouncement? ""America's comeback starts right now""?",1
12,12,Trump,#Trump is al weer 'welkom geheten' op #Twitter sind… https://t.co/FJvP6bxpC8,#Trump has been 'welcomed' to #Twitter since… https://t.co/FJvP6bxpC8,1
13,13,Trump,"Das een goeie, wist niet dat #Trump met #KlausSchwab sprak.","That's a good one, didn't know #Trump was talking to #KlausSchwab.",-1
14,14,Trump,VOL OP #Trump #Rusland en rechtse politici ! #totaalgeennuance… https://t.co/pN6WkY5pwO,FULL ON #Trump #Russia and right-wing politicians! #totalno nuance… https://t.co/pN6WkY5pwO,-1
15,15,Trump,#Trump2024 #Trump #TrumpForPresident,#Trump2024 #Trump #TrumpForPresident,1
16,16,Trump,Hé hé hé eindelijk wordt eens de waarheid gesproken over #Trump,Hey hey finally the truth is being spoken about #Trump,1
17,17,Trump,Of van #vonderLeyen en de #EU en van #Trump of… https://t.co/sUjuaAAbJG,Or from #vonderLeyen and the #EU and from #Trump or… https://t.co/sUjuaAAbJG,0
18,18,Trump,"En daar is ie weer, onze #Trump basher","And there he is again, our #Trump basher",1
19,19,Trump,#Trump wel.,#Trump does.,1
20,20,Trump,Al schakelend tussen de drie dagelijkse talkshows is het verbijsterend dat het alleen maar over #Trump &amp;… https://t.co/VFYoqqDCsK,"Switching between the three daily talk shows, it's baffling that it's all about #Trump &… https://t.co/VFYoqqDCsK",-1
21,21,Trump,Trump mag van mij president worden van de VS #Trump #VS Hopelijk bemoeit hij niet met de oorlog in Oekraïne,Trump may be president of the US #Trump #US Hopefully he does not interfere in the war in Ukraine,1
22,22,Trump,ZAPP #jinek zit weer #Trump te bashen ?!,ZAPP #jinek is #bashing #Trump again?!,1
23,23,Trump,#KoenPetersen : ‘Door #Trump zal de laatste senaatszetel waarschijnlijk ook naar de Democraten gaan’ 🚧 #Jinek https://t.co/p2uT5QleRf,"#KoenPetersen : 'Because of #Trump, the last Senate seat will probably also go to the Democrats' 🚧 #Jinek https://t.co/p2uT5QleRf",1
24,24,Trump,Ik hoor net dat die republikeinse tegen kandidaat van #Trump nogal op #DeSantis .,I just heard that #Trump Republican nominee is quite like #DeSantis .,0
25,25,Trump,Lekkere propoganda bij @vandaaginside over #Trump 🤢,Nice propaganda at @vandagaginside about #Trump 🤢,-1
26,26,Trump,Zo kopt krant uit het media-imperium van Rupert Murdoch over presidentiële ambitie van #Trump:,This is how Rupert Murdoch's media empire headlines about #Trump's presidential ambition:,1
27,27,Trump,"@HanTenBroeke Je hebt het er maar druk mee, maar dat zal #Trump een worst wezen.","@HanTenBroeke You're busy with it, but #Trump will be a sausage.",1
28,28,Trump,Heb je al een update over de pik van #Trump?,Do you have an update on #Trump's cock yet?,-1
29,29,Trump,In de toespraak van #Trump kwamen weer verschillende punten langs uit de basiskenmerken van het fascisme.,#Trump's speech again brought up several points from the basic characteristics of fascism.,-1
30,30,Trump,Trump heeft zich verkiesbaar gesteld voor de presidentsverkiezingen van 2024.,Trump is running for president in the 2024 presidential election.,0
31,31,Trump,@RTLnieuws heeft anti #Trump mannetje  @erikmouthaanRTL weer eens tevoorschijn gehaald.,@RTLnieuws has brought out anti #Trump man @erikmouthaanRTL again.,1
32,32,Trump,Dit om #Trump te bashen en… https://t.co/HNOf3aW5Cm,This to bash #Trump and… https://t.co/HNOf3aW5Cm,1
33,33,Trump,Als de Amerikaanse midterm-verkiezingen voorbij zijn: #Trump #MAGA #FBI #smeerstreken,When the US midterm elections are over: #Trump #MAGA #FBI #smearing,1
34,34,Trump,"@Smienos Dus als ik kom solliciteren met een #Trump-pet op of een SS-runen-t-shirt aan, dan denk jij, attitude, com… https://t.co/LKd67WwQlF","@Smienos So when I come to apply wearing a #Trump cap or SS rune t-shirt, you think, attitude, com… https://t.co/LKd67WwQlF",0
35,35,Trump,@khalidensophie Nee @SParadijs #SjuulParadijs… #Trump stond niet aan de wieg v/d #Artemis1 🚀 #SLS lancering!,@khalidensophie No @SParadijs #SjuulParadise… #Trump was not at the cradle of #Artemis1 🚀 #SLS launch!,-1
36,36,Trump,Dit is een opvallende trendbreuk van dochter Donald #Trump’ https://t.co/5gwCEGGPh1 via @YouTube,This is a striking trend break from daughter Donald #Trump' https://t.co/5gwCEGGPh1 via @YouTube,0
37,37,Trump,Volgens “Amerika deskundige @raymondmens heeft #Trump gelijk als hij beweert dat veel van de kandidaten die hij in… https://t.co/22BwEIVlnf,According to “America expert @raymondmens #Trump is correct in claiming that many of the candidates he has in… https://t.co/22BwEIVlnf,0
38,38,Trump,Merkwaardig dat feit VS Hooggerechtshof ontbrekende telefoongesprekken vrij laat geven -w.b. #Trump +de bestorming… https://t.co/ZggFQfhVYq,Curious fact that US Supreme Court releases missing telephone calls -w.b. #Trump +the Storming… https://t.co/ZggFQfhVYq,1
39,39,Trump,Merkwaardig dat feit VS Hooggerechtshof ontbrekende telefoongesprekken vrij laat geven -w.b. #Trump +de bestorming… https://t.co/22oOu9OpNN,Curious fact that US Supreme Court releases missing telephone calls -w.b. #Trump +the Storming… https://t.co/22oOu9OpNN,1
40,40,Trump,Mafkees #Trump komt opnieuw met z'n achterlijke slogan.,Wacky #Trump comes up with his retarded slogan again.,-1
41,41,Trump,"#Trump, als hij aankondigt weer voor het presidentschap te gaan.","#Trump, when he announces he will run for president again.",1
42,42,Trump,Six more years kan je los op #Trump  🎉🥳🎈.,You can go six more years on #Trump 🎉🥳🎈.,1
43,43,Trump,#Trump2024,#Trump2024,1
44,44,Trump,Hoe groot zijn de kansen van Donald #Trump op… https://t.co/HhA1s2DThF,What are Donald #Trump's chances of… https://t.co/HhA1s2DThF,0
45,45,Trump,수험생분들 $TGT rode kruis #Trump #gfvip varandas Klimaschutz Artikel 5 Trump and Biden #popmaster Beruf Dictatuur… https://t.co/QqVKLBZQld,수험생분들 $TGT red cross #Trump #gfvip varandas Klimaschutz Article 5 Trump and Biden #popmaster Beruf Dictatorship… https://t.co/QqVKLBZQld,0
46,46,Trump,Nog 2 jaar voordat #Trump t allemaal regelt.,2 more years before #Trump arranges it all.,1
47,47,Trump,Wat gaat dit voor heerlijke en nodige trammelant zorgen in de VS de komende tijd😁😁 https://t.co/JzKorfx3Dz #Trump… https://t.co/cuyPsyhnXe,What is this going to cause wonderful and necessary trouble in the US in the coming time 😁😁 https://t.co/JzKorfx3Dz #Trump… https://t.co/cuyPsyhnXe,1
48,48,Trump,Voor iedere domrechtse Trump-aanhanger.,For every right-wing Trump supporter.,-1
49,49,Trump,No more… #Trump #CapitolAttacks #extreemrechts https://t.co/AfRiNG9Ueb,No more… #Trump #CapitolAttacks #extreemright https://t.co/AfRiNG9Ueb,-1
50,50,Trump,de leugens van #Trump.,the lies of #Trump.,-1
51,51,Trump,@PGKroeger Ze dumpt #Trump in nette bewoording,@PGKroeger She dumps #Trump in nice terms,-1
52,52,Trump,"#Trump geen oorlog gestart, oorlogen beëindigd, vrede gesloten en geen Nobel vredesprijs.","#Trump started no war, ended wars, made peace and no Nobel Peace Prize.",1
53,53,Trump,De kandidatuur van #Trump  herbeleefd.,Relived #Trump's candidacy.,1
54,54,Trump,#Trump enzo ... https://t.co/GTZjy3z6jC,#Trump and stuff… https://t.co/GTZjy3z6jC,0
55,55,Trump,In plaats daarvan ben ik Trump shirts aan het ontwerpen.,"Instead, I'm designing Trump shirts.",1
56,56,Trump,#Trump  https://t.co/HRD1kC7IWH,#Trump https://t.co/HRD1kC7IWH,1
57,57,Trump,#Trump https://t.co/6OVedOhood,#Trump https://t.co/6OVedOhood,1
58,58,Trump,#DonaldTrump heeft gemeld weer #president te willen worden.,#DonaldTrump has announced that he wants to run for #president again.,0
59,59,Trump,Het gaat uiteraard om de onderste regel #Trump https://t.co/Ft0qwHwaTW via @nypost,Obviously it's about the bottom line #Trump https://t.co/Ft0qwHwaTW via @nypost,0
60,60,Trump,"„Trump deed het goed, maar nu is het tijd voor een ander”, zegt ds. Hofman uit Grand Rapids.","""Trump did well, but now it's time for someone else,"" says Rev. Hofman from Grand Rapids.",1
61,61,Trump,#trump stelt zich verkiesbaar voor het presidentschap tijdens de verkiezingen 🗳️ in 2024 #Trump2024 https://t.co/fGSglGlYR1,#trump is running for president in the election 🗳️ in 2024 #Trump2024 https://t.co/fGSglGlYR1,0
62,62,Trump,🇺🇸  #Trump kondigt zijn kandidaatschap aan voor #presidentsverkiezingen 2024  https://t.co/PBLLo5gGGf,🇺🇸 #Trump announces his candidacy for #Presidential Election 2024 https://t.co/PBLLo5gGGf,0
63,63,Trump,#Trump is terug en wil weer president zijn.,#Trump is back and wants to be president again.,0
64,64,Trump,#TrumpMeltdown  https://t.co/vAGae0n2hE,#TrumpMeltdown https://t.co/vAGae0n2hE,-1
65,65,Trump,#Trump se twitter rekening asseblief,#Trump's twitter account please,-1
66,66,Trump,#interview met Mike #Pence over #Trump en de bestorming vh Capitool op 6 jan 2021.,"#interview with Mike #Pence about #Trump and the storming of the Capitol on Jan 6, 2021.",0
67,67,Trump,Interview op de dag dat Trump zi… https://t.co/TF6bPPnQrz,Interview on the day Trump is… https://t.co/TF6bPPnQrz,0
68,68,Trump,#TrumpAnnouncement #Trump2024 #Trump https://t.co/7HK2s9iOIa,#TrumpAnnouncement #Trump2024 #Trump https://t.co/7HK2s9iOIa,0
69,69,Trump,Mooie campagne #TFA .. Trump Failed America … linke directe van #Biden aan #Trump,Nice campaign #TFA .. Trump Failed America ... left direct from #Biden to #Trump,0
70,70,Trump,#Trump #Trump2024,#Trump #Trump2024,1
71,71,Trump,Trump-fan dolblij: 'MAGA-petje al zes jaar niet afgezet' https://t.co/qH5gASp8DZ,Trump fan overjoyed: 'MAGA cap hasn't been removed for six years' https://t.co/qH5gASp8DZ,0
72,72,Trump,Trump gaat opnieuw voor het Amerikaanse presidentschap 🙏🏻 #DonaldTrump #Trump2024 #Trump #SaveAmerica https://t.co/QTjsLfVlDZ,Trump is running for the US presidency again 🙏🏻 #DonaldTrump #Trump2024 #Trump #SaveAmerica https://t.co/QTjsLfVlDZ,1
73,73,Trump,Trump probeert nogmaals president van de VS te worden.,Trump is once again trying to become president of the United States.,0
74,74,Trump,#Trump #VS #Politiek #Verkiezingen # https://t.co/HZOEQxLWtz,#Trump #USA #Politics #Elections # https://t.co/HZOEQxLWtz,-1
75,75,Trump,Waarom zit #Trump niet in de #Artemis1 en wordt die niet op de #maan gedumpt?,Why isn't #Trump in the #Artemis1 and dumped on the #moon?,0
76,76,Trump,@Laurensdroog #Trump was 4 jaar President maar heeft daarin voor 20 jaar werk verzet..,@Laurensdro #Trump was President for 4 years but has done work for 20 years..,1
77,77,Trump,#Trump2024,#Trump2024,1
78,78,Trump,#Trump #tribunaal #buitenhof #Op1npo,#Trump #tribunal #buitenhof #Op1npo,-1
79,79,Trump,#Trump is niet eens trending op mijn tijdlijn!,#Trump isn't even trending on my timeline!,1
80,80,Trump,#Trump wil met zijn kandidatuur debat over leiderschap de kop indrukken /via @NOS https://t.co/7fQTPuZYIG,#Trump wants to quell leadership debate with his candidacy /via @NOS https://t.co/7fQTPuZYIG,0
81,81,Trump,#Trump https://t.co/NQLfB2mUxC,#Trump https://t.co/NQLfB2mUxC,0
82,82,Trump,"Ik stipte slechts de negatieve connotatie aan van de aanduiding #Trumpisme #Trumpism ,… https://t.co/jeWc2HCMBX","I was just pointing out the negative connotation of the designation #Trumpism #Trumpism ,… https://t.co/jeWc2HCMBX",-1
83,83,Trump,#Trump https://t.co/mWpudxckXl,#Trump https://t.co/mWpudxckXl,0
84,84,Trump,Trump heeft zich opnieuw gekandideerd voor het presidentschap.,Trump has run for president again.,0
85,85,Trump,"Ik probeer in het algemeen mensen niet dood te wensen, maar hoop heel hard dat #Trump door een natuurlijke ooorzaak… https://t.co/rXe5vBmb0U","I try not to wish people dead in general, but really hope that #Trump comes from a natural cause… https://t.co/rXe5vBmb0U",-1
86,86,Trump,#Trump weer dagelijks op tv?,#Trump on TV daily again?,0
87,87,Trump,Trump gaat opnieuw voor het Amerikaanse presidentschap,Trump is running for the US presidency again,0
88,88,Trump,#DonaldTrump #Trump… https://t.co/j1lVjPwlz5,#DonaldTrump #Trump… https://t.co/j1lVjPwlz5,0
89,89,Trump,#TrumpAnnouncement #Trump2024 #Trump https://t.co/2efZwpgGTT,#TrumpAnnouncement #Trump2024 #Trump https://t.co/2efZwpgGTT,0
90,90,Trump,#Trump,#Trump,1
91,91,Trump,Ook dat nog #Trump,That too #Trump,-1
92,92,Trump,#Trump https://t.co/8AlGKi2qpm,#Trump https://t.co/8AlGKi2qpm,1
93,93,Trump,#Trump heeft dus zojuist aangekondigd dat hij de verkiezingen van 2024 helemaal niet verloren heeft,So #Trump just announced that he didn't lose the 2024 election at all,0
94,94,Trump,"Kunnen ze de volgende keer #Poetin, #Trump en dat zooitje van #FVD niet meenemen?","Can't they bring #Putin, #Trump and that #FVD mess next time?",-1
95,95,Trump,#Trump #TrumpIsDone,#Trump #TrumpIsDone,-1
96,96,Trump,Weer 2 jaar gezeik van en over  #Trump.,Another 2 years of bullshit from and about #Trump.,-1
97,97,Trump,Ik vind #Trump vrouwonvriendelijk&amp;vaak kinderachtig maar als het #WEF bedrijft.Wat is… https://t.co/KEBj3cxldu,I find #Trump misogynistic&often childish but when it does #WEF.What is… https://t.co/KEBj3cxldu,-1
98,98,Trump,Donald Trump kondigt kandidatuur aan voor presidentschap in 2024 wie zou dat nu gedacht hebben  ;-) #Trump2024… https://t.co/9Re1XCdROw,Donald Trump announces candidacy for president in 2024 who would have thought ;-) #Trump2024… https://t.co/9Re1XCdROw,1
99,99,Trump,#Trump gaat er weer voor!,#Trump is at it again!,1
100,100,Trump,#TrumpAnnouncement #DonaldTrump #PresidentTrump https://t.co/u1eZSprUC3,#TrumpAnnouncement #DonaldTrump #PresidentTrump https://t.co/u1eZSprUC3,0
101,101,Trump,#Trump stelt zich opnieuw verkiesbaar.,#Trump is running for re-election.,0
102,102,Trump,Zelf heb ik weinig sympathie of voeling met #Trump.,I personally have little sympathy or feeling for #Trump.,-1
103,103,Trump,#Trump stelt zich opnieuw verkiesbaar als president van de Verenigde Staten https://t.co/THe2Z7Qiml,#Trump is running for re-election as President of the United States https://t.co/THe2Z7Qiml,0
104,104,Trump,#NOS #Nieuws #Trump wil met zijn kandidatuur debat over leiderschap de kop indrukken /via @NOS https://t.co/0PfmMLx2OX,#NOS #News #Trump wants to quell leadership debate with his candidacy /via @NOS https://t.co/0PfmMLx2OX,0
105,105,Trump,#Trump alles beter dan het bewind onder het oorlogszuchtige bewind van #Biden,#Trump everything better than the reign under #Biden's belligerent rule,1
106,106,Trump,#Trump doet opnieuw een gooi naar h… https://t.co/W9IJadVzHC,#Trump takes another stab at the… https://t.co/W9IJadVzHC,0
107,107,Trump,Weg van wereld waarin #Trump zich weer verkiesbaar stelt.,Away from a world in which #Trump stands for election again.,-1
108,108,Trump,#Trump presenteert zijn karikatuur voor de komende presidentsverkiezingen.,#Trump presents his caricature for the upcoming presidential election.,0
109,109,Trump,@CaseyDeSantis of #Trump in 2024  als POTUS . Ik zeg JA!,@CaseyDeSantis of #Trump in 2024 as POTUS. I say yes!,1
110,110,Trump,#Trump is een directe bedreiging voor de Amerikaanse democ… https://t.co/fWupjPYAgD,#Trump is a direct threat to American democracy… https://t.co/fWupjPYAgD,-1
111,111,Trump,Trump wil met zijn kandidatuur debat over leiderschap de kop indrukken /via @NOS,Trump wants to quell leadership debate with his candidacy /via @NOS,1
112,112,Trump,"Dus #Trump leidde geen nederlaag, hij leed hem.","So #Trump didn't suffer defeat, he suffered it.",1
113,113,Trump,#Trump https://t.co/ypBwiMPZde,#Trump https://t.co/ypBwiMPZde,0
114,114,Trump,Wanneer #Trump verliest van deSa… https://t.co/Ir5bxnjL7L,When #Trump loses to deSa… https://t.co/Ir5bxnjL7L,-1
115,115,Trump,Trump is het liegen nog niet verleerd.,Trump hasn't forgotten lying yet.,-1
116,116,Trump,#FactCheck #Trump 🙄 https://t.co/1XDxWzns0S,#FactCheck #Trump 🙄 https://t.co/1XDxWzns0S,1
117,117,Trump,in #Trump… https://t.co/1MA2XU8AzD,in #Trump… https://t.co/1MA2XU8AzD,0
118,118,Trump,Trump weg is.,Trump is gone.,-1
119,119,Trump,#Trump // De Amerikaanse oud-president Donald Trump is opnieuw kandidaat voor het Amerikaanse presidentschap.,#Trump // Former US President Donald Trump is running again for the US presidency.,0
120,120,Trump,#Trump #zouverbodenmoetenworden #opruier,#Trump #shouldbebanned #incitement,-1
121,121,Trump,#Trump doet opnieuw een gooi naar het Witte Huis:,#Trump takes another shot at the White House:,0
122,122,Trump,Ja het is zeker 💪🏽 #Trump stelt zichzelf weer verkiesbaar ❤ Let's make America great again.,Yes it's for sure 💪🏽 #Trump is standing for election again ❤ Let's make America great again.,1
123,123,Trump,Als #Trump de republikeinse kandidaat wordt en #Fetterman de democratische dan verliezen de republikeinen.,"If #Trump becomes the Republican nominee and #Fetterman becomes the Democratic nominee, the Republicans lose.",0
124,124,Trump,https://t.co/JtOJAbUT8S #TrumpAnnouncement #trump,https://t.co/JtOJAbUT8S #TrumpAnnouncement #trump,0
125,125,Trump,#Trump zich weer kandidaat heeft gesteld of het eindeloze gejammer… https://t.co/Iz9w97dWJV,#Trump has run again or the endless whining… https://t.co/Iz9w97dWJV,-1
126,126,Trump,#Trump:,#Trump:,1
127,127,Trump,Amerika gaat niet nog een keer zo gek zijn toch?! 😫 #Trump https://t.co/9lEuDT1hZW,"America isn't going to be this crazy again, right?! 😫 #Trump https://t.co/9lEuDT1hZW",-1
128,128,Trump,Lijkt me een leuk scenario:  #Trump verliest Republikeinse voorverkiezing voor de kandidatuur (wie geeft hij dan de… https://t.co/BsYheYBYU9,Seems like a fun scenario: #Trump loses Republican primary for candidacy (who does he give the… https://t.co/BsYheYBYU9,0
129,129,Trump,Donald #Trump kondigt kandidaatschap aan voor Presidents #verkiezingen in 2024.,Donald #Trump announces candidacy for Presidential #election in 2024.,0
130,130,Trump,#Trump,#Trump,1
131,131,Trump,Het laten zien hoe zwak #biden is is de kaart die #Trump duidelijk laat zien.,Showing how weak #biden is is the card that clearly shows #Trump.,0
132,132,Trump,lees je dat nieuws van #Trump2024 #Trump #goedemorgen 🥺😠,do you read that news from #Trump2024 #Trump #good morning 🥺😠,-1
133,133,Trump,Fantastisch nieuws dat Trump kandidaat voor Amerikaanse presidentsverkiezingen 2024 https://t.co/HgrS1HHwvJ via… https://t.co/C28VuwRYDa,Fantastic news that Trump is a candidate for the 2024 US presidential election https://t.co/HgrS1HHwvJ via… https://t.co/C28VuwRYDa,1
134,134,Trump,"#Trump stelt zich toch, na tegenvallende tussentijdse verkiezingen, opnieuw #verkiesbaar als #president van de VS https://t.co/7j0guSqCKZ",#Trump puts himself forward as #US president again after disappointing midterm elections https://t.co/7j0guSqCKZ,0
135,135,Trump,#Trump heeft officieel kandidatuur ingediend voor presidentsverkiezingen van 2024 https://t.co/YMvuHPqDyv,#Trump has officially submitted his candidacy for the 2024 presidential election https://t.co/YMvuHPqDyv,0
136,136,Trump,Speech #Trump gaat niet geheel volgens plan...,Speech #Trump doesn't go entirely according to plan...,-1
137,137,Trump,#Trump kondigt aan in ‘24 opnieuw een gooi te doen naar het presidentschap.,#Trump announces that he will run again for the presidency in '24.,0
138,138,Trump,Nu lijkt #Trump weer in beeld te komen… https://t.co/HV0Yz9NGzr,Now #Trump seems to be back in the picture… https://t.co/HV0Yz9NGzr,1
139,139,Trump,#Trump wil het verbieden voor een politicus om ooit lobbyist te worden.,#Trump wants to prohibit a politician from ever becoming a lobbyist.,1
140,140,Trump,#Trump Goed zo.,#Trump Good.,1
141,141,Trump,En ja hoor die woke media gaan weer volledig los op Donald Trump..,"And yes, those woke media are going wild again on Donald Trump..",1
142,142,Trump,#Trump,#Trump,1
143,143,Trump,slaapverwekkend #Trump,sleep-inducing #Trump,-1
144,144,Trump,Die #Trump heeft wel veel bereikt voor iemand die niet herkozen werd zeg.,That #Trump has achieved a lot for someone who was not re-elected.,1
145,145,Trump,"Do you  hear the people sing""  wtf ...... #Trump","Do you hear the people sing"" wtf...... #Trump",-1
146,146,Trump,LIVE STREAM Ben benieuwd of #Trump zijn aankondiging over zijn kandidaat-stelling voor #pres 2024 gestand doet na g… https://t.co/YAukgHbvlM,LIVE STREAM I wonder if #Trump will live up to his announcement about his candidacy for #pres 2024 after… https://t.co/YAukgHbvlM,0
147,147,Trump,LIVE STREAM Ben benieuwd of #Trump zijn aankondiging over zijn kandidaat-stelling voor #pres 2024 gestand doet na g… https://t.co/onQs8NSiOd,LIVE STREAM I wonder if #Trump will live up to his announcement about his candidacy for #pres 2024 after… https://t.co/onQs8NSiOd,0
148,148,Trump,LIVE STREAM Ben benieuwd of #Trump zijn aankondiging over zijn kandidaat-stelling voor #pres 2024 gestand doet na g… https://t.co/rKSqx02F6Q,LIVE STREAM I wonder if #Trump will live up to his announcement about his candidacy for #pres 2024 after… https://t.co/rKSqx02F6Q,0
149,149,Trump,Wat ook kan: dat #Trump terloops @elonmusk  plots aankondigt als #runningmate.,Which is also possible: that #Trump casually announces @elonmusk as #runningmate.,1
150,150,Trump,@fad56 @The_Real_Fly Omdat #Trump straks een speech geeft . Provocatie 🤔🤔,@fad56 @The_Real_Fly Because #Trump will give a speech soon . Provocation 🤔🤔,0
151,151,Trump,Net voor #Trump zn aankondiging gaat doen👀👀 https://t.co/MgRwa9YRfN,Just before #Trump makes his announcement 👀👀 https://t.co/MgRwa9YRfN,1
152,152,Trump,@terzaketv is er als de kippen bij om #Trump al te begraven (waarschijnlijk input #BjornSoenens ) Bij US-senaatsver… https://t.co/CGCFNWmm0P,@terzaketv is quick to bury #Trump already (probably input #BjornSoenens ) At US Senate… https://t.co/CGCFNWmm0P,1
153,153,Trump,En nu maar hopen dat het nieuws van #Trump niet inslaat als een bom.,And let's hope that the news of #Trump doesn't hit like a bomb.,1
154,154,Trump,@erikmouthaanRTL Linkse fake nieuws #Trump hater...,@erikmouthaanRTL Left wing fake news #Trump hater...,1
155,155,Trump,Trump stelt zich kandidaat voor het presidentschap.,Trump is running for president.,0
156,156,Trump,#Trump,#Trump,1
157,157,Trump,Karma voor spugende Trump-hater die zijn auto tegen lantaarnpaal parkeert #amerika #trump #spuug #fail #lantaarnpaal https://t.co/JEnH38YscU,Karma for spitting Trump hater who parks his car against lamppost #america #trump #spit #fail #lamppost https://t.co/JEnH38YscU,1
158,158,Trump,Opeens voelde #Trump dat hij een grote boodschap kwijt moest.,Suddenly #Trump felt he had a big message to get out.,-1
159,159,Trump,#Trump… https://t.co/v8Cd9E0X3K,#Trump… https://t.co/v8Cd9E0X3K,0
160,160,Trump,"Ik vernam dat na de #bekendmaking van #Trump vannacht rond 2u Ndlse tijd, ook de boeven #Obummer en #Bushbush een b… https://t.co/naEtH8WEp6","I learned that after the #announcement of #Trump last night around 2am Dutch time, the crooks #Obummer and #Bushbush also had a… https://t.co/naEtH8WEp6",0
161,161,Trump,"Trump, wat een lachertje #trump","Trump, what a joke #trump",-1
162,162,Trump,"Rupert Murdoch, die veel te machtige man, zegt nog liever een Democraat te steunen dan #Trump  https://t.co/zHCDyBkfNS","Rupert Murdoch, that much too powerful man, says he would rather support a Democrat than #Trump https://t.co/zHCDyBkfNS",-1
163,163,Trump,"Heeft #Trump al iets krankzinnigs geroepen, zou hij vandaag toch weer doen?","Has #Trump already shouted something insane, would he do it again today?",-1
164,164,Trump,@DeVreugd Alles is beter dan nog een keer #Trump lijkt mij.,@DeVreugd Everything is better than one more time #Trump I think.,-1
165,165,Trump,Donald #Trump plaatst zich boven de wet.,Donald Trump is above the law.,-1
166,166,Trump,Republikeinen slijpen na midterms de messen' #VS #Trump #MidtermElections https://t.co/LaZWc2ozOb,Republicans sharpen their knives after midterms' #US #Trump #MidtermElections https://t.co/LaZWc2ozOb,0
167,167,Trump,Kritiek op Trump zwelt aan binnen Republikeinse partij:,Criticism of Trump swells within Republican party:,0
168,168,Trump,#Trump is een dood spoor.,#Trump is a dead end.,-1
169,169,Trump,Deze keer zijn de #Republikeinen écht klaar met #Trump – hopen ze althans https://t.co/KYvF1tBD1i,This time #Republicans are really done with #Trump – or so they hope https://t.co/KYvF1tBD1i,0
170,170,Trump,Een #Republikein die #Trump niet steunt tekent zijn/haar politieke #doodvonnis.,A #Republican who does not support #Trump signs his/her political #death warrant.,0
171,171,Trump,"Toen Trump de president van China, XiJinping, de hand schudde werd hij verafschuwt en verrader genoemd.","When Trump shook hands with China's President Xi Jinping, he was disgusted and called a traitor.",0
172,172,Trump,Zijn ze nou bij @WNLVandaag Trump compleet de grond in aan het stampen zonder ook maar één voorbeeld te geven waaro… https://t.co/GjhiT4Xxk5,Are they completely stomping Trump into the ground at @WNLVandaag without giving a single example why... https://t.co/GjhiT4Xxk5,0
173,173,Trump,Een #Republikein die #Trump afvalt tekent zijn politieke #doodvonnis.,A #Republican who loses #Trump signs his political #death warrant.,0
174,174,Trump,#Trump aan het zeuren… https://t.co/a41AjgxKe1,#Trump nagging… https://t.co/a41AjgxKe1,-1
175,175,Trump,Trump niet verschenen voor commissie die Capitool-bestorming onderzoekt.,Trump failed to appear before commission investigating Capitol storming.,0
176,176,Trump,#LaffeHaas #Trump,#CowardHaas #Trump,-1
177,177,Trump,"s'Werelds grootste klootzak #Trump kom met een ""grootse aankondiging""","The world's biggest asshole #Trump makes a ""big announcement""",-1
178,178,Trump,@GideonvMeijeren zichzelf als #Trump,@GideonvMeijeren himself as #Trump,-1
179,179,Trump,Een hele kleine Trump...🤪 https://t.co/e2ZJ40WFkN,A very small Trump...🤪 https://t.co/e2ZJ40WFkN,-1
180,180,Trump,Trump zegt dat hij morgen een grote aankondiging zal doen.,Trump says he will make a big announcement tomorrow.,0
181,181,Trump,@marcelbar8 Die @GideonvMeijeren wil graag DonaldTrumpje spelen.,@marcelbar8 That @GideonvMeijeren would like to play Donald Trump.,-1
182,182,Trump,"#Trump is al niks, maar vergeleken daarmee is Gide… https://t.co/14gvlkDBtQ","#Trump is nothing, but compared to that Gide… https://t.co/14gvlkDBtQ",-1
183,183,Trump,#Trump's big announcement zijn .. #TrumptyDumpty,#Trump's big announcement are .. #TrumptyDumpty,-1
184,184,Trump,"Fascinerend, het tempo waarin allerlei #MAGA-Republikeinen afstand nemen van #Trump.","Fascinating, the pace at which all kinds of #MAGA Republicans are distancing themselves from #Trump.",-1
185,185,Trump,Gaat Donald #Trump morgen opnieuw een gooi naar het presidentschap aankondigen?,Is Donald #Trump going to announce another run for president tomorrow?,0
186,186,Trump,"@roya21042019 Kijk, daarom heb ik mij wat #Trump betreft altijd op de vlakte gehouden terwijl velen hier de loftrom… https://t.co/eqwjcSajd0","@roya21042019 See, that's why I've always kept my cool when it comes to #Trump while many here are praising… https://t.co/eqwjcSajd0",0
187,187,Trump,@vooruit_nu #ConnerRousseau #Versuz #Trump #seksisme #nietmijnregering https://t.co/VFNx0J5HI6,@vooruit_nu #ConnerRousseau #Versuz #Trump #seksisme #nietmijnregering https://t.co/VFNx0J5HI6,-1
188,188,Trump,@roya21042019 #Trump is daar inderdaad geweest...,@roya21042019 #Trump has indeed been there...,0
189,189,Trump,#Trump verdedigde de mensheid… https://t.co/8ZPebVjP1m,#Trump defended humanity… https://t.co/8ZPebVjP1m,1
190,190,Trump,#Trump,#Trump,1
191,191,Trump,Voormalig advocate van Melania #Trump wordt eerste vrouwelijke president van Slovenië https://t.co/nzKOEGKXzI… https://t.co/DxensVeIRq,Former lawyer for Melania #Trump becomes Slovenia's first female president https://t.co/nzKOEGKXzI… https://t.co/DxensVeIRq,0
192,192,Trump,Het dodelijke #Trump en #Poetinvirus leeft niet hier.,The deadly #Trump and #Putinvirus does not live here.,-1
193,193,Trump,(Cartoon van jan. 2021) #GOP #Trump #McConnell #Midterms2022 https://t.co/ASMXZRp2Zw,(Cartoon from Jan. 2021) #GOP #Trump #McConnell #Midterms2022 https://t.co/ASMXZRp2Zw,1
194,194,Trump,#Trump wordt juist #vervolgd vanwege dergelijke uitspraken.,#Trump is #prosecuted precisely because of such statements.,-1
195,195,Trump,@OhOhHengelo @SpaceKwest @NOS De #DemocratsAreEvil weten sinds de overwinning van #Trump als we ons op de swing sta… https://t.co/FDHVD1Hbf3,@OhOhHengelo @SpaceKwest @NOS The #DemocratsAreEvil have known since #Trump's victory as we stand on the swing… https://t.co/FDHVD1Hbf3,0
196,196,Trump,Vanochtend blij vanwege afkalven macht van #Trump.,Happy this morning because of #Trump's waning power.,1
197,197,Trump,Nu in eigen land een Trump imitator van #FvD:,Now a Trump imitator of #FvD in his own country:,-1
198,198,Trump,Hoe lang accepteren we nog deze levensgevaarlijke namaak #Trump.… https://t.co/tnWkKJ7zTW,How long will we continue to accept this deadly counterfeit #Trump.… https://t.co/tnWkKJ7zTW,-1
199,199,Trump,Het gaat niet zo lekker voor #Trump en voor #Poetin.,It's not going so well for #Trump and for #Putin.,-1
200,200,Trump,Het presidentschap van #Trump was het beste wat de #VS is overkomen.,The #Trump presidency was the best thing that happened to the #USA.,1
201,201,Trump,Peiling YouGov naar matchup Trump-DeSantis in Republikeinse voorverkiezingen:,YouGov poll on Trump-DeSantis matchup in Republican primary:,0
202,202,Trump,"Trump 35%, DeSantis 42%.","Trump 35%, DeSantis 42%.",0
203,203,Trump,@bsoenensvrt @torfsrik De Vlaamse #Trump 🤡.... wel iets labieler 😇 https://t.co/PHm7J8ozti https://t.co/Wa0z6WlEQL,@bsoenensvrt @torfsrik The Flemish #Trump 🤡.... a bit more unstable 😇 https://t.co/PHm7J8ozti https://t.co/Wa0z6WlEQL,1
204,204,Trump,Het feit dat u hierover gniffelt: #Trump en #DeSantis doen er toe.,The fact that you're snickering about this: #Trump and #DeSantis matter.,0
205,205,Trump,Dag meneer #Trump!,Bye Mr. #Trump!,0
206,206,Trump,Plotseling is de toekomst van Trump met vraagtekens omgeven' https://t.co/2hHHoJWa9T,"""Suddenly, Trump's Future Is Surrounded With Question Marks"" https://t.co/2hHHoJWa9T",0
207,207,Trump,@CharlesUrbain Als #Trump zich er niet mee had bemoeid hadden de #Republikeinen glansrijk gewonnen.,"@CharlesUrbain If #Trump hadn't interfered, the #Republicans would have won with flying colours.",-1
208,208,Trump,Gaat lekker met Wappie-vrindje Trump.,Going well with Wappie friend Trump.,-1
209,209,Trump,De golf die niet kwam… #redwave #Trump (door: #ChristianAdams) @nrc https://t.co/0lUH02qCyB,The wave that didn't come… #redwave #Trump (by: #ChristianAdams) @nrc https://t.co/0lUH02qCyB,0
210,210,Trump,@Kingart65581165 Tuurlijk gaan #Trump en zijn aanhangers de suggestie verspreiden dat de verkiezingen oneerlijk ver… https://t.co/RjAFaSwOXm,@Kingart65581165 Sure #Trump and his supporters are going to spread the suggestion that the election was unfair… https://t.co/RjAFaSwOXm,0
211,211,Trump,Veel #Trump-gekkies weggevaagd.,Many #Trump crazies wiped out.,-1
212,212,Trump,"""#Trump heeft misschien wel in zijn eentje de #verkiezingen #Midterms2022results weggegeven"" #wnl #wnlopzondag https://t.co/upp3q6zIlk","""#Trump may have single-handedly given away the #election #Midterms2022results"" #wnl #wnlopzondag https://t.co/upp3q6zIlk",0
213,213,Trump,@michaelwicca2 #Trump valt de #B17  aan met een #P63  🤔,@michaelwicca2 #Trump attacks the #B17 with a #P63 🤔,0
214,214,Trump,"@JPvanDijken #Trump deed niet mee, dombo #Trump2024","@JPvanDijken #Trump didn't participate, stupid #Trump2024",0
215,215,Trump,Nederland haar eigen #Trump?!,Netherlands her own #Trump?!,-1
216,216,Trump,#Belgische #socialisten zijn de nieuwe #Trump.,#Belgian #socialists are the new #Trump.,-1
217,217,Trump,"@BiesenWim Bedenk een complot aangaande #Trump, en ik geloof het!!","@BiesenWim Come up with a conspiracy about #Trump, and I believe it!!",0
218,218,Trump,#TrumptyDumpty,#TrumptyDumpty,-1
219,219,Trump,En nu wachten op #Trump die politieke zelfmoord gaat plegen.,And now waiting for #Trump to commit political suicide.,-1
220,220,Trump,#Trump en #Musk zijn gevaarlijke narcisten.,#Trump and #Musk are dangerous narcissists.,-1
221,221,Trump,Met dank aan #verkiezingenontkenner #Trump.,Thanks to #electiondennier #Trump.,-1
222,222,Trump,Balen voor al die Trumpansees in Amerika en Nederland:,Bales for all those Trumpans in America and the Netherlands:,-1
223,223,Trump,Op 1 na zijn alle Trumpistas… https://t.co/AyG1UhE2p5,All but 1 Trumpistas are… https://t.co/AyG1UhE2p5,-1
224,224,Trump,@NOS @fschuurk Best wel een beetje sneu voor #Trump ! 😂🤣😂,@NOS @fschuurk Pretty sad for #Trump! 😂🤣😂,1
225,225,Trump,Als #Trump dat nu… https://t.co/2byjTPT55l,If #Trump does now… https://t.co/2byjTPT55l,0
226,226,Trump,"Ach, het orakel van @ongehoordnedtv is nog niet bijgekomen van de dreun voor zijn idool #Trump en doet aan amateurp… https://t.co/LCBNeOs9pG","Ah, @ongehoordnedtv's oracle hasn't recovered from the blow to his idol #Trump and is doing amateur p… https://t.co/LCBNeOs9pG",0
227,227,Trump,Ook blij als #Trump niet nog eens president word… https://t.co/aUvLs13RlB,Also happy if #Trump doesn't become president again… https://t.co/aUvLs13RlB,-1
228,228,Trump,De herrie van de Trumpshow trok jarenlang alle aandacht.,The noise of the Trump show drew all the attention for years.,-1
229,229,Trump,Laat dit ook het politieke einde zijn van Trump.,Let this also be the political end of Trump.,-1
230,230,Trump,Lijkt er op dat Trump blok aan been Republikeinen is geworden.,Looks like Trump has gone all-out Republicans.,-1
231,231,Trump,Zelfs Donald Trump.”,Even Donald Trump.”,0
232,232,Trump,Ik had #Trump en de #Republikeinen in 2019 nog zo gewaarschuwd…,I warned #Trump and the #Republicans in 2019…,0
233,233,Trump,De macht en kracht van #Trump neemt af.,#Trump's power and strength is diminishing.,0
234,234,Trump,#Senaat #Trump #Biden,#Senate #Trump #Biden,0
235,235,Trump,"Ah, natte scheet #Trump blijkt opnieuw van grote waarde voor de Republieken.","Ah, wet fart #Trump proves again of great value to the Republics.",-1
236,236,Trump,#democats #SenateMajority #Trump #Biden https://t.co/jRKXgpS30W,#democats #SenateMajority #Trump #Biden https://t.co/jRKXgpS30W,0
237,237,Trump,#Trump ... Boeken toe ! https://t.co/trxD8Jm0dv,#Trump ... Books ! https://t.co/trxD8Jm0dv,0
238,238,Trump,Een smadelijke aftocht van #Trump.,An ignominious departure from #Trump.,-1
239,239,Trump,Voor de #Trump-adepten zijn de verkiezingen in de V.S. een groot debacle geworden.,"For the #Trump followers, the US elections are over. become a major disaster.",0
240,240,Trump,Maar aan de andere kant weet ik nog iemand die compleet seniel is en dat is #Trump.,"But on the other hand, I know someone who is completely senile and that's #Trump.",-1
241,241,Trump,"@BergVincentvd @TimeForThorium Ieder versprekinkje van #Trump werd enthousiast en breed uitgemeten in de media, voo… https://t.co/a4R1mK1mqm","@BergVincentvd @TimeForThorium Every slip of #Trump speech was enthusiastically and widely reported in the media, for… https://t.co/a4R1mK1mqm",1
242,242,Trump,Het tijdperk #Trump is voorbij.,The #Trump era is over.,-1
243,243,Trump,@erikmouthaanRTL Ach... ga je nu weer 24/7 azijnzeiken over #Trump?,@erikmouthaanRTL Ah... are you going to rant about #Trump again 24/7?,1
244,244,Trump,Die #RonDeSantis is een niks meer dan een opgeflufte versie van #Trump die net slim genoeg is om naar z'n marketing… https://t.co/LthlZaV1Es,That #RonDeSantis is nothing more than a spiffed up version of #Trump who is just smart enough to go to his marketing… https://t.co/LthlZaV1Es,1
245,245,Trump,#cancel #Trump https://t.co/KeyDX0Vpi0,#cancel #Trump https://t.co/KeyDX0Vpi0,-1
246,246,Trump,https://t.co/tIAEmukhlD #sinterklaasintocht #midterms #Trump Zaterdag 12-11-2022 Vandaag arriveren Sint en zijn Pie… https://t.co/shI2Uq7VU2,https://t.co/tIAEmukhlD #sinterklaasintocht #midterms #Trump Saturday 12-11-2022 Today Saint Nicholas and his Pie… https://t.co/shI2Uq7VU2,0
247,247,Trump,"Dat is 't enige leuke aan #DeSantis, dat hij #Trump dwarszit..","That's the only nice thing about #DeSantis, that he's bothering #Trump..",-1
248,248,Trump,Donald #Trump maakt dinsdag presidentskandidatuur officieel:,Donald #Trump makes official presidential candidacy on Tuesday:,0
249,249,Trump,#Midterms #Democraten #Republikeinen #Trump #Koopmans #Bonten https://t.co/S2GvLHxtDA,#Midterms #Democrats #Republicans #Trump #Koopmans #Bonten https://t.co/S2GvLHxtDA,0
250,250,Trump,#Trump,#Trump,1
251,251,Trump,@erikmouthaanRTL Make #Trump great again...,@erikmouthaanRTL Make #Trump great again...,1
252,252,Trump,#Trump is niet zo van tellen...,#Trump doesn't like counting...,-1
253,253,Trump,Zij is niet de enige die het helemaal gehad heeft met #Trump.,She's not the only one who's had it all with #Trump.,-1
254,254,Trump,Een aansporend tweetje van #Trump is voor @erikmouthaanRTL groter nieuws dan dat ze in sommige staten in Amerika ru… https://t.co/4i1S9GJwBJ,An urging tweet from #Trump is bigger news for @erikmouthaanRTL than they are running in some states in America… https://t.co/4i1S9GJwBJ,0
255,255,Trump,#Trump spant rechtzaak aan om niet te hoeven getuigen voor commissie  #FYI https://t.co/pUcwzrZAm6,#Trump files lawsuit to avoid testifying before committee #FYI https://t.co/pUcwzrZAm6,0
256,256,Trump,#Trump keek uren naar de #bestorming van het #Capitool en negeerde smeekbeden van zijn familieleden om er een einde… https://t.co/BgQHPMY8tH,"#Trump watched the #storming of the #Capitol for hours, ignoring pleas from his relatives to end it… https://t.co/BgQHPMY8tH",-1
257,257,Trump,#ElonMusk en #Trump zijn gewoon uit hetzelfde hout gesneden.,#ElonMusk and #Trump are simply cut from the same cloth.,-1
258,258,Trump,"Er zijn @VVD 'r die zich druk maken om #Trump en de #republikeinen, de tering bende in hun eigen criminele bende ve… https://t.co/w9eVJxycf1","There are @VVD ' r who care about #Trump and the #Republicans, the consumption gang in their own criminal gang ver… https://t.co/w9eVJxycf1",0
259,259,Trump,geen uitspraken van #Trump maar van de socialistische voorzitte… https://t.co/LqTZOhThlb,not statements from #Trump but from the socialist president… https://t.co/LqTZOhThlb,0
260,260,Trump,"We horen nu dat #Trump minder kans zou maken dan #DeSantis , dat de GOP in meer… https://t.co/O3RZq8DI4L","We are now hearing that #Trump would be less likely than #DeSantis , that the GOP in more… https://t.co/O3RZq8DI4L",0
261,261,Trump,"@Zu_Demir Zijn er dan nieuwe debatfiches over #Trump bij #NVA, #ZuhalDemir?","@Zu_Demir Are there any new debate cards about #Trump at #NVA, #ZuhalDemir?",0
262,262,Trump,"Wie wordt de volgende Republikeinse presidents kandidaat bij de verkiezingen van 2024, #Trump of #RonDeSantis… https://t.co/S3MggPLhTx","Who will be the next Republican presidential nominee in the 2024 election, #Trump or #RonDeSantis… https://t.co/S3MggPLhTx",0
263,263,Trump,Trump spant rechtzaak aan om niet te hoeven getuigen voor commissie https://t.co/cFlUo3d1mg via @NUnl wat is het to… https://t.co/O70QTezXKy,Trump files lawsuit not to have to testify in front of committee https://t.co/cFlUo3d1mg via @NUnl what is it to…,0
264,264,Trump,#Trump noemt zijn rivaal #DeSantis een middelmatige gouverneur die het ontbreekt aan loyaliteit.,#Trump calls his rival #DeSantis a mediocre governor who lacks loyalty.,0
265,265,Trump,Trump slaat weer… https://t.co/CSeeukyCW0,Trump strikes again… https://t.co/CSeeukyCW0,0
266,266,Trump,#TikTok omfg..meer dan 2 jaar geleden wilde #Trump TikTok verbieden.,#TikTok omfg..more than 2 years ago #Trump wanted to ban TikTok.,0
267,267,Trump,"Maar ja, Trump is gek toch toch???","But yes, Trump is crazy right??",-1
268,268,Trump,In China.  #Trump waarschuwde hier al meerdere keren voor.,In China. #Trump has already warned about this several times.,1
269,269,Trump,#Trump https://t.co/D5CBl94H9f,#Trump https://t.co/D5CBl94H9f,1
270,270,Trump,"Hahaha, #Trump hat einen Lauf.","Hahaha, #Trump hat a Lauf.",0
271,271,Trump,"Als je vindt dat #RonDeSantis een betere presidentskandidaat zou zijn (voor 2024) dan #Trump, levert je dat gelijk… https://t.co/EAiLvYZZTo","If you think #RonDeSantis would be a better presidential candidate (for 2024) than #Trump, you're right… https://t.co/EAiLvYZZTo",1
272,272,Trump,"Maar ik denk dat @CasMudde zich hier wel vergist, want is #Trump nog een asset, of eerder een liability?","But I think @CasMudde is mistaken here, because is #Trump still an asset, or rather a liability?",-1
273,273,Trump,Mooi gastoptreden v @TijsvandenBrink id🎙#podcast #DezeWeek over #midterms en #Trump.,Nice guest appearance by @TijsvandenBrink id 🎙 #podcast #ThisWeek about #midterms and #Trump.,-1
274,274,Trump,"#Trump gaat los op zijn ""Truth Social"" #Midterms2022 https://t.co/dqKTPtbhjB","#Trump goes wild on his ""Truth Social"" #Midterms2022 https://t.co/dqKTPtbhjB",1
275,275,Trump,#Trump,#Trump,1
276,276,Trump,We kunnen alleen maar hopen dat #Trump wint om onze normen en waarden weer terug te brengen.,We can only hope that #Trump wins to bring back our morals and values.,1
277,277,Trump,Wat laat #Trump zich hier👇 kennen.,What is #Trump showing himself here 👇.,0
278,278,Trump,#Trump op zelfmoordmissie #TrumptyDumpty #Midterms2022  @ElskeKevie25 @Lipsiaan @DrJHAmsterdam @Bijan63 https://t.co/hKyGrsYG0R,#Trump on suicide mission #TrumptyDumpty #Midterms2022 @ElskeKevie25 @Lipsiaan @DrJHAmsterdam @Bijan63 https://t.co/hKyGrsYG0R,-1
279,279,Trump,"@BonVoyage9999 #Trump deed niet mee, Dombo!",@BonVoyage9999 #Trump didn't participate Dumbo!,-1
280,280,Trump,Dat na de bestorming van het Capitool #Trump nog de hand boven het hoofd is gehouden geeft opnieuw aan dat… https://t.co/RQRm51Hm2w,The fact that after the storming of the Capitol #Trump was still held over the head indicates again that… https://t.co/RQRm51Hm2w,0
281,281,Trump,"De constante laffe, nergens op gebaseerde, aanvallen op #Trump door linkse fake nieuws media in samenwerking… https://t.co/53z9tiGNyF","The constant cowardly, baseless, attacks on #Trump by leftist fake news media in collaboration… https://t.co/53z9tiGNyF",1
282,282,Trump,Zitten jullie ook zo ge genieten van de afgang van #Trump?,Are you also enjoying the fall of #Trump so much?,-1
283,283,Trump,"Het is beter dat #Trump doorgaat, dan weten we zeker dat de zelfdestructie van de @GOP over twee jaar een voldongen feit is.","It is better that #Trump continues, then we know for sure that the self-destruction of the @GOP will be a fait accompli in two years time.",-1
284,284,Trump,#Trump die zelfs door Foxnews aan de kant wordt gezet.,#Trump being pushed aside even by Foxnews.,-1
285,285,Trump,Of #Trump liegt hier keihard of hij geeft toe dat hij de uitkomst voor DeSatanist ge-rigged heeft.,Either #Trump is lying flat out here or he admits he rigged the outcome for DeSatanist.,-1
286,286,Trump,Commentaar van #Trump op de #midterms2020.,Commentary from #Trump on the #midterms2020.,0
287,287,Trump,#Trump /#Biden,#Trump /#Biden,0
288,288,Trump,"@BennieVonk @nosnieuws Ben het helemaal met de @NOS eens als dat al opzet is, #Trump is nml de grootste mislukking… https://t.co/1lyYwBXw7W","@BennieVonk @nosnieuws Totally agree with the @NOS if that is intentional at all, #Trump is the biggest failure… https://t.co/1lyYwBXw7W",-1
289,289,Trump,Wat nu als hij #Trump had geheten,What if his name was #Trump,0
290,290,Trump,#Trump laat van zich horen en is boos.,#Trump speaks out and is angry.,0
291,291,Trump,Is #Trump al terug!?,Is #Trump back yet!?,-1
292,292,Trump,"In één week verliezen èn twitter, èn crypto èn Trump.","In one week, and Twitter, and crypto, and Trump lose.",0
293,293,Trump,#Trump https://t.co/5ocy49dQOG,#Trump https://t.co/5ocy49dQOG,1
294,294,Trump,Ze bedoelen daarmee #Trump en aanhang😂😂,They mean #Trump and supporters by that 😂😂,-1
295,295,Trump,Opnieuw #kandidatuur van vileine showmaster en notoire ruziemaker #Trump verdeeld zijn partij steeds verder.,Another #candidacy of villainous showmaster and notorious quarrelsome #Trump is increasingly dividing his party.,0
296,296,Trump,@JanssenKev @WimBerkelaar @nosnieuws Stel je voor #Trump komt terug en er wordt WEER een vredesaccoord afgesproken.… https://t.co/7P3BotLaBI,@JanssenKev @WimBerkelaar @nosnieuws Imagine #Trump comes back and ANOTHER peace deal is agreed.… https://t.co/7P3BotLaBI,0
297,297,Trump,"Het was tot voor kort onvoorstelbaar, maar ik denk dat veel Democraten inmiddels hopen dat #Trump zich volgende wee… https://t.co/HFjF8u0fUI","It was unimaginable until recently, but I think many Democrats are now hoping that #Trump will show up next week… https://t.co/HFjF8u0fUI",0
298,298,Trump,"De 219 overwinningen van #Trump = ""weinig overwinningen om aan te prijzen"" 93% endossement winnend p… https://t.co/pYZ6aP6Wua","#Trump's 219 wins = ""few wins to praise"" 93% endorsement winning p… https://t.co/pYZ6aP6Wua",0
299,299,Trump,Graag dezelfde gasten aan tafel uitnodigen als #Trump straks is herkozen.,Please invite the same guests to the table when #Trump is re-elected.,1
300,300,Trump,@NOS De paradepaardjes van #Trump zijn mank.,@NOS #Trump's showpieces are limping.,-1
301,301,Trump,@MCJHuisman DAt kun je nu wel zeggen maar #Trump was natuurlijk vriendjes met #VladimirPutin.,"@MCJHuisman You can say that now, but #Trump was of course friends with #VladimirPutin.",-1
302,302,Trump,"De #Trump tornado, blijkf een stevig briesje te zijn  Paradepaarden uit Trumps radicale stal deden het slecht in ra… https://t.co/VhTjWYCNpE","The #Trump tornado, proving to be a brisk breeze Paradehorses from Trump's radical stable fared poorly in ra… https://t.co/VhTjWYCNpE",0
303,303,Trump,Vermoedelijk stelt #Trump zich binnenkort opnieuw kandidaat voor de #presidentsverkiezingen in de #VS van #Amerika.,#Trump is likely to run again in the #US presidential election in the #America.,0
304,304,Trump,@podevyns #Trump kan het beste genegeerd worden in belang van de mensheid :-),@podevyns #Trump is best ignored for the sake of humanity :-),0
305,305,Trump,Hopelijk besluit de #gop eindelijk afstand van #Trump te nemen en hem niet langer de partij te laten gijzelen https://t.co/lZaEs4me3l,Hopefully the #gop finally decides to distance himself from #Trump and stop letting him hold the party hostage https://t.co/lZaEs4me3l,-1
306,306,Trump,"Ik ga even lekker een stukje karbonade eten....shit, deze karbonade kop lijkt net een beetje op #Trump.","I'm going to have a nice piece of pork chop.... shit, this pork chop head looks just a bit like #Trump.",-1
307,307,Trump,#DeSantis  en #Trump  hebben wel wat met elkaar gemeen.,#DeSantis and #Trump do have something in common.,0
308,308,Trump,Trump en de tussentijdse Amerikaanse verkiezingen #Midterms2022results  #Trump @Kamakurga… https://t.co/ArjDSnO6sI,Trump and the US midterm elections #Midterms2022results #Trump @Kamakurga… https://t.co/ArjDSnO6sI,0
309,309,Trump,Mike Pence over zijn jaren met Donald #Trump.,Mike Pence on his years with Donald #Trump.,0
310,310,Trump,"Het verbaast mij trouwens oprecht dat de @GOP zelfs nu, nog niet door heeft hoe #Trump… https://t.co/fCtcgIBnVS","By the way, I'm genuinely surprised that even now, the @GOP hasn't figured out how #Trump… https://t.co/fCtcgIBnVS",-1
311,311,Trump,Ik denk dat #Trump vandaag alles kort en klein slaat.,I think #Trump is cutting everything short and small today.,-1
312,312,Trump,"Voorstanders van de ""lock 'em up"" retoriek van #Trump, vinden ""duidelijk signaal dat volk democratie wil… https://t.co/JWlk9GG21K","Proponents of #Trump's ""lock 'em up"" rhetoric find ""clear signal that people want democracy… https://t.co/JWlk9GG21K",0
313,313,Trump,Als het op #Trump aankomt is alles geoorloofd.,"When it comes to #Trump, anything is allowed.",-1
314,314,Trump,"Voormalig president Donald #Trump ""is razend"" en ""kaffert iedereen uit.""","Former President Donald #Trump ""is furious"" and ""bursts everyone.""",0
315,315,Trump,Hoeveel oorlogen is #Trump begonnen?,How many wars has Trump started?,-1
316,316,Trump,De kandidaten die #Trump heeft aanbevolen hebben bijna allemaal gewonnen 219 winst / 19 verlies… https://t.co/pYYK2j6Jcf,The candidates recommended by #Trump have almost all won 219 wins / 19 losses… https://t.co/pYYK2j6Jcf,1
317,317,Trump,️En dat zegt ... #narcist en #ophitser #Trump!,️And that says... #narcissist and #ophiter #Trump!,-1
318,318,Trump,#Trump blijkt geen garantie voor Republikeins succes.,#Trump is no guarantee for Republican success.,0
319,319,Trump,@vrtnws Zoveel schrik van #Trump dat jullie nu al een anti campagne beginnen 😂😂,@vrtnws So scared of #Trump that you are already starting an anti campaign 😂😂,-1
320,320,Trump,#Trump heeft het definitief voor zichzelf verpest.,#Trump has definitely ruined it for himself.,-1
321,321,Trump,"Openlijk winnende partijgenoten chanteren, #Trump-style.","Openly blackmail winning party members, #Trump-style.",0
322,322,Trump,"Ik ga zeker links niet ophemelen, maar #Trump is de slechth… https://t.co/HgJpEu6qa8","I'm certainly not going to praise the left, but #Trump is the bad… https://t.co/HgJpEu6qa8",-1
323,323,Trump,#Trump en zijn partij hebben het dus goed gedaan?,So #Trump and his party have done well?,-1
324,324,Trump,#blijfscherp #leaked #QatarWorldCup2022 #Trump #Rutte4Exit @blckbxnews @abdullahciftcib… https://t.co/V7gf8WnIMB,#staysharp #leaked #QatarWorldCup2022 #Trump #Rutte4Exit @blckbxnews @abdullahciftcib… https://t.co/V7gf8WnIMB,1
325,325,Trump,Ik mag dus aannemen dat de republieken met #Trump gewonnen hebben,So I can assume that the republics won with #Trump,0
326,326,Trump,#Trump era is over 🪦 9.11.22 https://t.co/69sOqh7e6n,#Trump era is over 🪦 9.11.22 https://t.co/69sOqh7e6n,-1
327,327,Trump,"@chrisdeknop Denk niet dat #Trump een aangename mens is, maar de gemiddelde linksmens heeft meer haat in zijn klein… https://t.co/Zj30360tFE",@chrisdeknop Don't think #Trump is a nice person but the average lefty has more hate in his little... https://t.co/Zj30360tFE,0
328,328,Trump,"#Trump is #razend, ook op zijn vrouw:","#Trump is #furious, also at his wife:",0
329,329,Trump,Zijn #midterms slecht nieuws voor Donald #Trump?,Are #midterms bad news for Donald #Trump?,0
330,330,Trump,"""#RonDeSantis is nieuwe held van Republikeinen, maar Trump zal noo… https://t.co/bgD8C2I6EY","""#RonDeSantis is Republicans' new hero, but Trump will never… https://t.co/bgD8C2I6EY",0
331,331,Trump,En #Trump?,And #Trump?,0
332,332,Trump,"Het leedvermaak, lelijkste van alle menselijke reacties, over #Trump illustreert weer maar eens het linkse vermogen… https://t.co/E5IViQzPuj","The gloating, ugliest of all human reactions, about #Trump once again illustrates the left's ability… https://t.co/E5IViQzPuj",0
333,333,Trump,"@bsoenensvrt #DeSantis , Goed, verzoenend Republikeins alternatief voor #Trump, nu nog een democratische vervanger voor de demente #Biden .","@bsoenensvrt #DeSantis , Good, conciliatory Republican alternative to #Trump, now another Democratic replacement for the demented #Biden .",0
334,334,Trump,Aanhangers #Trump werden niet herkozen en deden meer kwaad dan goed voor de Republikei… https://t.co/iKGhk8XxON,#Trump supporters failed to get re-elected and did more harm than good to the Republican… https://t.co/iKGhk8XxON,0
335,335,Trump,En toen werd het steeds roder….🫡. #DeSantis #Trump #nowar,And then it got redder.... 🫡. #DeSantis #Trump #nowar,0
336,336,Trump,#FoxNews heeft nooit Trump gesteund.,#FoxNews has never endorsed Trump.,0
337,337,Trump,#Trump,#Trump,1
338,338,Trump,Want hij wil net zoveel oorlogen buiten de USA starten als #Trump destijds heeft gedaan?,Because he wants to start as many wars outside the USA as #Trump did back then?,-1
339,339,Trump,In de Grote Bekendmaking volgende week door #Trump zal hij hij bekendmaken dat hij een nieuwe toupet heeft met krulletjes.,In the Big Announcement next week by #Trump he will announce that he has a new toupee with curls.,0
340,340,Trump,#Trump2024,#Trump2024,1
341,341,Trump,#Biden verloor lichtjes maar #Trump  is eindelijk gecastreerd.,#Biden lost slightly but #Trump is finally neutered.,-1
342,342,Trump,Is dat de schuld van #Trump ? #Trump2024 #vandaaginside,Is that Trump's fault? #Trump2024 #todayinside,0
343,343,Trump,"‘#Trump zal het wel doen, omdat hij niet zonder die aandacht kan’ 🌑 #Jinek https://t.co/H6sN4yDsHA","""#Trump will do it because he can't live without that attention"" 🌑 #Jinek https://t.co/H6sN4yDsHA",-1
344,344,Trump,#Paternotte : ‘De Amerikanen lijken niet meer op #Trump te wachten’ 🌑 #Jinek https://t.co/mhO5E6zjlV,#Paternotte : 'The Americans don't seem to be waiting for #Trump anymore' 🌑 #Jinek https://t.co/mhO5E6zjlV,0
345,345,Trump,In de geschiedenis zullen #Trump en #fraude voor eeu… https://t.co/HIG5waG0rZ,In history #Trump and #fraud will forever… https://t.co/HIG5waG0rZ,-1
346,346,Trump,Als Trump in een van zijn woedeaanvallen na de uitslagen van de #midterms ontploft en in het creatuur verandert dat… https://t.co/xfHQ6fya2T,If Trump explodes in one of his rages after the #midterms results and turns into the creature that… https://t.co/xfHQ6fya2T,0
347,347,Trump,@WimBerkelaar @nosnieuws Europa zou blij moeten zijn met #Trump hij is anti oorlog en #wef,@WimBerkelaar @nosnieuws Europe should be happy with #Trump he is anti-war and #wef,1
348,348,Trump,Dat zo'n crimineel als #Trump als aanjager vd 'witte huis rellen' de… https://t.co/t8EvA7s0AC,That such a criminal as #Trump as a driver of 'white house riots' the… https://t.co/t8EvA7s0AC,0
349,349,Trump,Trump bracht vrede en rust in de wereld.,Trump brought peace and tranquility to the world.,1
350,350,Trump,"""als #Trump de baas wordt is het gedaan met de wapenleveranties aan Zelensky...""","""If #Trump takes over, the arms deliveries to Zelensky will be over...""",1
351,351,Trump,Als alle mensen die in alle stadions in de VS passen op #Trump stem… https://t.co/olIG7JLkC6,If all the people who fit in all stadiums in the US vote for #Trump… https://t.co/olIG7JLkC6,0
352,352,Trump,Het zou een gedenkwaardig jaar worden indien  #Trump's  en #Poetin's macht  geminimaliseerd wordt in 2023.,It would be a memorable year if #Trump's and #Putin's power is minimized in 2023.,-1
353,353,Trump,#Trump #Midterms2022,#Trump #Midterms2022,1
354,354,Trump,"Dus  #Trump wint waarschijnlijk nipt, maar volgens de #nos heeft hij dan verloren ?#?@ #Midterms2022","So #Trump probably wins narrowly, but according to the #nos he lost ?#?@ #Midterms2022",1
355,355,Trump,Lachen om @nosnieuws - ze laten zien waar #Trump verloren heeft… volgens Amerikaanse gegevens heeft Trump meer gewo… https://t.co/h89VmSCes2,"Laugh at @nosnieuws - showing them where #Trump lost… according to US data, Trump has won more… https://t.co/h89VmSCes2",1
356,356,Trump,#Trump,#Trump,1
357,357,Trump,@erikmouthaanRTL Toen #Trump gekozen werd hebben de #democraten ook gesuggereerd dat de #verkiezingen  gestolen war… https://t.co/BUHbMvilIp,@erikmouthaanRTL When #Trump was elected the #Democrats also suggested that the #election was stolen… https://t.co/BUHbMvilIp,1
358,358,Trump,Ik denk dat ik teveel in complottheorie geloof... #VS #Trump #Biden #Election2022,I think I believe too much in conspiracy theory... #US #Trump #Biden #Election2022,1
359,359,Trump,#Trump baschen is begonnen.,#Trump bashing has begun.,1
360,360,Trump,#Trump exit VS?,#Trump exit US?,-1
361,361,Trump,#Trump https://t.co/zq3zycGnI7,#Trump https://t.co/zq3zycGnI7,1
362,362,Trump,#Trump heel links zal tevreden zijn #vtmnieuws,#Trump very left will be satisfied #vtmnieuws,1
