,Unnamed: 0,Term,Instance,Trans,Annotation
0,0,Trump,Facebook no planea por ahora restablecer cuenta de Trump - https://t.co/04GQO7F9O9 #EVNews #Facebook #Trump #tecnologia,Facebook does not plan for now to reinstate Trump's account - https://t.co/04GQO7F9O9 #EVNews #Facebook #Trump #technology,0
1,1,Trump,Esta será la razón por la que #AMLO baja la cabeza ante #Trump ? https://t.co/eVNmb8jZCx,This will be the reason why #AMLO lowers his head before #Trump? https://t.co/eVNmb8jZCx,1
2,2,Trump,"La intensa rivalidad del Partido Republicano, entre Donald Trump y Ron DeSantis, entra a una nueva fase más volá… https://t.co/zmCJ51Jd3C","The intense rivalry of the Republican Party, between Donald Trump and Ron DeSantis, enters a new, more volatile phase… https://t.co/zmCJ51Jd3C",1
3,3,Trump,¿Quiénes son los rivales de #Trump para 2024? -  https://t.co/Qi99iZRcve,Who are #Trump's rivals for 2024? - https://t.co/Qi99iZRcve,0
4,4,Trump,"“Más que nada, el objetivo inmediato de #Trump últimamente ha sido despejar el campo de competidores y sentar las b… https://t.co/aTqI3fCKwm","“More than anything, #Trump's immediate goal of late has been to clear the field of competitors and lay the groundwork… https://t.co/aTqI3fCKwm",1
5,5,Trump,🇺🇸 | #DeSantis respondió le respondió a #Trump diciendo que está centrado en liderar su estado.,🇺🇸 | #DeSantis responded to #Trump by saying that he is focused on leading his state.,1
6,6,Trump,#Trump trata de zafarse de problemas legales y los malos resultados electorale… https://t.co/FTLmk5zOZe,#Trump tries to get out of legal problems and bad election results… https://t.co/FTLmk5zOZe,-1
7,7,Trump,Varios megadonantes del GOP huyen de Trump y apoyan a DeSantis.,Several GOP megadonors are running from Trump and supporting DeSantis.,1
8,8,Trump,#Trump #DeSantis #GOP,#Trump #DeSantis #GOP,1
9,9,Trump,"En un segundo mandato, Trump nos golpearía de forma diferente...","In a second term, Trump would hit us differently...",1
10,10,Trump,Democracia frente a Trump https://t.co/iUUrktnqbl #Trump #EstadosUnidos,Democracy against Trump https://t.co/iUUrktnqbl #Trump #United States,-1
11,11,Trump,"🇺🇸 Ficha astrológica de Donald #Trump, expresidente de Estados Unidos.","🇺🇸 Astrological record of Donald #Trump, former president of the United States.",-1
12,12,Trump,Califican de brutales sanciones económicas de Trump contra Venezuela https://t.co/5xRYQiMXal #Trump #Venezuela… https://t.co/GXwsgJDTEY,They describe Trump's brutal economic sanctions against Venezuela https://t.co/5xRYQiMXal #Trump #Venezuela… https://t.co/GXwsgJDTEY,-1
13,13,Trump,¡Trump vuelve!,Trump is back!,1
14,14,Trump,@DonaldTrump anuncia que competirá nueva vez por la candidatura presidencial de #USA.… https://t.co/68s6zPALNA,@DonaldTrump announces that he will compete again for the #USA presidential candidacy.… https://t.co/68s6zPALNA,0
15,15,Trump,"Yo estoy preparado”, lanzó Donald #Trump ante las decenas de seguidores que asistieron a su man… https://t.co/MnWzUFjCNW","I'm ready,"" Donald #Trump launched before the dozens of followers who attended his man… https://t.co/MnWzUFjCNW",1
16,16,Trump,El Partido Republicano se hace con el control de la Cámara de Representantes de Estados Unidos https://t.co/TaSLAZTdqU #Trump #EEUU,The Republican Party takes control of the United States House of Representatives https://t.co/TaSLAZTdqU #Trump #USA,1
17,17,Trump,#Trump contra el socialismo  Vídeo traducido por @elderechista_es  https://t.co/ZsMrO5hyYf a través de @YouTube,#Trump against socialism Video translated by @elderechista_es https://t.co/ZsMrO5hyYf via @YouTube,0
18,18,Trump,"#17Nov #EEUU #Trump,  anuncio oficial de su candidatura para las elecciones de 2024 Amarren su loco.","#Nov 17 #USA #Trump, official announcement of his candidacy for the 2024 elections Tie up your loco.",-1
19,19,Trump,@AlertaNews24 Ya el CNN empezó la campaña encontra de #Trump es normal....,@AlertaNews24 CNN has already started the campaign against #Trump is normal....,-1
20,20,Trump,#Trump lanzó su campaña a la presidencial 2024.,#Trump launched his 2024 presidential campaign.,0
21,21,Trump,"#Trump ira por la casa blanca pero la justicia de #EEUU , #USA va por el ...""Democráticamente"" le han ROBADO las el… https://t.co/3j5SniGapk","#Trump will go for the White House but the justice of the #USA, #USA goes for him ... ""Democratically"" they have STOLEN the elections… https://t.co/3j5SniGapk",1
22,22,Trump,Vean y escuchen a #DonaldTrump.,Watch and listen to #DonaldTrump.,1
23,23,Trump,#DonaldTrump2024 #Trump… https://t.co/oOQ0WxMKtN,#DonaldTrump2024 #Trump… https://t.co/oOQ0WxMKtN,1
24,24,Trump,Q inviten e #Trump a dar el chow https://t.co/D3of5CP7XI,Invite #Trump to give the chow https://t.co/D3of5CP7XI,1
25,25,Trump,#ECDQEMSD #Podcast Fue misil amigo el que cayó en Polonia - #Trump se lanzó al 2024 - CFK esperará la sentencia -… https://t.co/NpsQrAxSGT,#ECDQEMSD #Podcast It was a friendly missile that fell in Poland - #Trump launched into 2024 - CFK will await the sentence -… https://t.co/NpsQrAxSGT,1
26,26,Trump,#EstadosUnidos: #Trump2024 está lanzado - #Trump obviamente no le prestó atención a los propios republicanos que le… https://t.co/H2Zl2cgKJj,#United States: #Trump2024 is launched - #Trump obviously paid no attention to the Republicans themselves who… https://t.co/H2Zl2cgKJj,-1
27,27,Trump,"Muy cierto, camaradas: #Trump hizo mucho daño a Venezuela.","Very true, comrades: #Trump did a lot of damage to Venezuela.",-1
28,28,Trump,@TelemundoNews Esto comienza #Latinos por #Trump !,@TelemundoNews This begins #Latinos for #Trump!,1
29,29,Trump,#EEUU El expresidente de Estados Unidos Donald #Trump no contará con su hija #Ivanka en el equipo de su campaña par… https://t.co/7YvyOECAUD,#USA The former president of the United States Donald #Trump will not have his daughter #Ivanka in his campaign team for… https://t.co/7YvyOECAUD,0
30,30,Trump,Investigaciones de #Trump procederán incluso con candidatura,#Trump investigations will proceed even with candidacy,-1
31,31,Trump,¿Podrá #Trump en 2024? https://t.co/wJCzxzLBYI,Will #Trump be able to in 2024? https://t.co/wJCzxzLBYI,-1
32,32,Trump,“Debo decirles que las palabras y el tuit del presidente (#Trump) ese día fueron imprudentes”.,"""I must tell you that the President's (#Trump) words and tweet that day were reckless.""",-1
33,33,Trump,De seguir #Trump las consecuencias para los estadounidenses EEUU 🇺🇸 serán graves.,"If #Trump continues, the consequences for Americans USA 🇺🇸 will be serious.",-1
34,34,Trump,😲 Trump entra a la carrera presidencial de EU #TRUMP #USA  Nota: https://t.co/7JE36Cj8fO https://t.co/JwkkRyxkiw,😲 Trump enters the US presidential race #TRUMP #USA Note: https://t.co/7JE36Cj8fO https://t.co/JwkkRyxkiw,1
35,35,Trump,#EUA 🔴⚪️|| @POTUS45 #Trump anunció su candidatura a la presidencia de #EstadosUnidos en 2024 https://t.co/h9tH4tfHl8 https://t.co/ubeYHkPAnZ,#USA 🔴⚪️|| @POTUS45 #Trump announced his candidacy for the #United States presidency in 2024 https://t.co/h9tH4tfHl8 https://t.co/ubeYHkPAnZ,1
36,36,Trump,Elecciones en #EstadosUnidos 🗳️ 🇺🇸: El Partido Republicano de #Trump se quedó con el cont… https://t.co/KkrDhvFRpF,Elections in #United States 🗳️ 🇺🇸: #Trump's Republican Party took control… https://t.co/KkrDhvFRpF,1
37,37,Trump,#Internacional | #Trump anuncia campaña “para devolver su gloria a EU” en 2024.,"#International | #Trump announces campaign ""to return his glory to America"" ​​in 2024.",1
38,38,Trump,#Mundo Se apunta #Trump otra vez 👀👇 https://t.co/ff9YYT970P,#World #Trump is in again 👀👇 https://t.co/ff9YYT970P,1
39,39,Trump,#Trump contra el socialismo.,#Trump against socialism.,1
40,40,Trump,La suspensión de #Trump en #Facebook y #Twitter podría acabar en enero del 2023,#Trump's suspension on #Facebook and #Twitter could end in January 2023,1
41,41,Trump,La suspensión de #Trump en #Facebook y #Twitter podría acabar en enero del 2023,#Trump's suspension on #Facebook and #Twitter could end in January 2023,1
42,42,Trump,La suspensión de #Trump en #Facebook y #Twitter podría acabar en enero del 2023,#Trump's suspension on #Facebook and #Twitter could end in January 2023,1
43,43,Trump,La hija del ex presidente #Trump no lo acompañará en su posible campaña.,The daughter of the former president #Trump will not accompany him in his possible campaign.,-1
44,44,Trump,«Anuncio mi candidatura»: #Trump busca la nominación republicana para las elecciones de 2024,"""I announce my candidacy"": #Trump seeks the Republican nomination for the 2024 elections",0
45,45,Trump,#Actualidad #Mundo 🇺🇲 Confirma #Trump candidatura presidencial para 2024 .,#Actualidad #Mundo 🇺🇲 Confirm #Trump presidential candidacy for 2024.,1
46,46,Trump,Este 15 de noviembre Trump entró en su c… https://t.co/LaFTDXSh41,This November 15 Trump entered his c… https://t.co/LaFTDXSh41,0
47,47,Trump,"El ex presidente de #EEUU🇺🇸, Donald #Trump, anunció que volverá a competir en las elecciones de 2024.","The former president of #USA🇺🇸, Donald #Trump, announced that he will compete again in the 2024 elections.",0
48,48,Trump,"La OTAN vs Rusia por Polonia, Suecia ayuda a Ucrania, Trump regresa, G7 y la CIA vs Putin.","NATO vs Russia for Poland, Sweden helps Ukraine, Trump returns, G7 and CIA vs Putin.",0
49,49,Trump,Más Daño Le Hizo Chávez Y Maduro A Venezuela 🇻🇪 Que #Trump,Chávez And Maduro Did More Damage To Venezuela 🇻🇪 Than #Trump,1
50,50,Trump,Y si Trump gana en 2024 será un Aliado importantisimo e… https://t.co/J6SGoocdHJ,"And if Trump wins in 2024, he will be a very important ally and… https://t.co/J6SGoocdHJ",1
51,51,Trump,Trump que perturban a los opositores.,Trump that disturb opponents.,-1
52,52,Trump,#EclipseNoticias #EclipseInternacional  📰 #Trump anuncia su campaña presidencial para 2024,#EclipseNoticias #EclipseInternacional 📰 #Trump announces his presidential campaign for 2024,0
53,53,Trump,#EclipseNoticias #EclipseInternacional  📰 #Trump anuncia su campaña presidencial para 2024,#EclipseNoticias #EclipseInternacional 📰 #Trump announces his presidential campaign for 2024,0
54,54,Trump,🇺🇸 | #Trump anuncia su tercera candidatura a la presidencia de Estados Unidos.,🇺🇸 | #Trump announces his third candidacy for the presidency of the United States.,0
55,55,Trump,"“El regreso de Estados Unidos comienza en este preciso momento”, dijo #Trump, marcando formalmente el inicio de las… https://t.co/aDppcaLQUW","“America's return begins at this very moment,” #Trump said, formally marking the start of the… https://t.co/aDppcaLQUW",0
56,56,Trump,El periodista y reportero en México de @ActualidadRT @manuelhborbolla considera que las declaraciones de #Trump sob… https://t.co/wWaL4vSoTc,The journalist and reporter in Mexico from @ActualidadRT @manuelhborbolla considers that #Trump's statements on… https://t.co/wWaL4vSoTc,0
57,57,Trump,"Luego de que #Trump, declaró que López Obrador ""es buen hombre, #socialista y amigo suyo"".","After #Trump, he declared that López Obrador ""is a good man, #socialist and his friend"".",1
58,58,Trump,"#Trump quiere volver a la Casa Blanca, pero ya no puede usar el discurso que lo convirtió en un rival imbatible.","#Trump wants to return to the White House, but he can no longer use the speech that made him an unbeatable rival.",-1
59,59,Trump,🇺🇸 | #Trump anunció que competirá de nuevo por la presidencia de Estados Unidos.,🇺🇸 | #Trump announced that he will compete again for the presidency of the United States.,0
60,60,Trump,¿Será Donald Trump castigado por estar involucrado en el asalto al Capitolio del 6 de enero de 2022? 👀🇺🇸.,"Will Donald Trump be punished for being involved in the assault on the Capitol on January 6, 2022? 👀🇺🇸.",-1
61,61,Trump,🇺🇸 | Ley para expulsar migrantes creada en la era #Trump fue bloqueada por un juez federal.,🇺🇸 | Law to expel immigrants created in the #Trump era was blocked by a federal judge.,-1
62,62,Trump,🇺🇸 EE.UU: Departamento de Justicia explicó que la teoría legal de Trump sobre Mar-a-Lago es errónea.,🇺🇸 USA: Department of Justice explained that Trump's legal theory on Mar-a-Lago is wrong.,-1
63,63,Trump,"URGE que regrese mi “nazi favorito” #Trump y termine lo que empezó, desaparecer a toda esa escoria globalista, fina… https://t.co/cjm5TwdTCT","It is URGENT that my ""favorite Nazi"" #Trump return and finish what he started, disappear all that globalist, fine scum… https://t.co/cjm5TwdTCT",1
64,64,Trump,"Facebook no planea restablecer cuenta de #Trump, por ahora.","Facebook doesn't plan to reinstate #Trump's account, for now.",0
65,65,Trump,#Zelensky tiró un misil a Polonia para opacar el anuncio de #Trump de ir a las elecciones.,#Zelensky fired a missile at Poland to overshadow #Trump's announcement to go to the elections.,1
66,66,Trump,El país del Tio Rico  Volverá a elegir a  #Trump  Su campaña se basa en hablar mal de #Biden  Y remata diciendo:  Y… https://t.co/FGELVFiqzF,The country of Uncle Rico will elect #Trump again His campaign is based on speaking ill of #Biden And he ends by saying: And… https://t.co/FGELVFiqzF,-1
67,67,Trump,#Facebook no verificará lo que diga #Trump durante su campaña presidencial,#Facebook won't verify what #Trump says during his presidential campaign,0
68,68,Trump,Trump es consi… https://t.co/5tGRtbXgnM,Trump is cons… https://t.co/5tGRtbXgnM,0
69,69,Trump,🇺🇸 | ¿#Trump podría ganar las próximas elecciones presidenciales?,🇺🇸 | Could #Trump win the next presidential election?,-1
70,70,Trump,| ¿Por qué un juez federal decidió bloquear el Título 42 que se creó en el mandato de #Trump?,| Why did a federal judge decide to block Title 42 that was created in the #Trump mandate?,1
71,71,Trump,🇺🇸 | #Trump espera ganar las próximas elecciones presidenciales de Estado Unidos.,🇺🇸 | #Trump hopes to win the next US presidential election.,0
72,72,Trump,Encuestas presidenciales 2024 #Trump vs #Biden https://t.co/LBxzP9NOP0,Presidential polls 2024 #Trump vs #Biden https://t.co/LBxzP9NOP0,0
73,73,Trump,"Comienzo del ninguneo  públicao de #Trump:  ""A EEUU 🇺🇸 le va mejor cuando sus líderes están arraigados en el hoy y… https://t.co/MQ4N61aNrG","Beginning of #Trump's public ninguneo: ""America 🇺🇸 does better when its leaders are rooted in today and… https://t.co/MQ4N61aNrG",0
74,74,Trump,Los republicanos que podrían desafiar a #Trump para #2024,The Republicans Who Could Challenge #Trump by #2024,1
75,75,Trump,"🇺🇸 | #Trump lleva más de tres meses alimentando el suspenso, pero ya lanzó oficialmente su tercera carrera hacia la… https://t.co/AgbmJFscGy","🇺🇸 | #Trump has been feeding the suspense for more than three months, but he has already officially launched his third run towards the… https://t.co/AgbmJFscGy",0
76,76,Trump,Estos son los republicanos que podrían desafiar a #Trump para 2024,These are the Republicans who could challenge #Trump by 2024,0
77,77,Trump,#Trump da el pistoletazo de salida de la carrera por la #nominación republicana👉,#Trump kicks off the race for the Republican #nomination 👉,1
78,78,Trump,Jajajaja @RepMTG and #Trump #Trump2024 @GOP #RepublicanParty https://t.co/2t4lALJBZj,Hahahaha @RepMTG and #Trump #Trump2024 @GOP #RepublicanParty https://t.co/2t4lALJBZj,1
79,79,Trump,🇺🇸 Donald Trump: “Me postulo porque creo que el mundo aún no ha podido ver la verdadera gloria de lo que esta nació… https://t.co/IQJO322r95,🇺🇸 Donald Trump: “I am running because I believe the world has not yet been able to see the true glory of what this was born… https://t.co/IQJO322r95,1
80,80,Trump,| ¿Por qué #Trump está metiendose tanto con #DeSantis?,| Why is #Trump messing with #DeSantis so much?,0
81,81,Trump,🇺🇸 Joe Biden reaccionó de manera negativa al anuncio de Donald Trump sobre su candidatura presidencial.,🇺🇸 Joe Biden reacted negatively to Donald Trump's announcement about his presidential candidacy.,0
82,82,Trump,#NoticiasSIN #Candidatura #Trump #Reacciona,#NoticiasSIN #Candidature #Trump #React,1
83,83,Trump,🇺🇸 #Trump quiere ser presidente: anunció su candidatura para 2024 🗳,🇺🇸 #Trump wants to be president: he announced his candidacy for 2024 🗳,1
84,84,Trump,🇺🇸 Donald Trump habló por más de una hora a una audiencia reunida en su mansión en Mar-a-Lago.,🇺🇸 Donald Trump spoke for more than an hour to an audience gathered at his mansion in Mar-a-Lago.,0
85,85,Trump,"#Trump anuncia candidatura, y el candidato para alcalde de Reno acepta derrota https://t.co/obHv2v9MsC via @YouTube","#Trump announces candidacy, and Reno mayoral candidate accepts defeat https://t.co/obHv2v9MsC via @YouTube",0
86,86,Trump,@Telemundo no se cansa de decir tanta mentira acerca de #Trump  Gracias al negocio lucrativo de los medios con los… https://t.co/Xwk5nNHytt,@Telemundo never tires of telling so many lies about #Trump Thanks to the lucrative media business with the… https://t.co/Xwk5nNHytt,1
87,87,Trump,"El tema de #Trump2024 y #DeSantis2024 es promovido por los #RINO y #Democratas para dividir a los conservadores, sa… https://t.co/q1gv3zr2bu","The issue of #Trump2024 and #DeSantis2024 is promoted by the #RINO and #Democrats to divide conservatives, sa… https://t.co/q1gv3zr2bu",0
88,88,Trump,🇺🇸 Trump en su conferencia repasó los logros de su mandato como presidente de EE.UU.,🇺🇸 Trump in his conference reviewed the achievements of his term as president of the United States.,1
89,89,Trump,🇺🇸 | Encuestas recientes han mostrado que #DeSantis lidera a #Trump en un hipotético mano a mano en algunos estados… https://t.co/E3xjQV2nrr,🇺🇸 | Recent polls have shown that #DeSantis leads #Trump in a hypothetical heads-up in some states… https://t.co/E3xjQV2nrr,1
90,90,Trump,El equipo de #Biden recibe con recelo la candidatura presidencial de #Trump https://t.co/H16G0Afb7y,The #Biden team is suspicious of #Trump's presidential candidacy https://t.co/H16G0Afb7y,1
91,91,Trump,#Trump...voy con #DeSantis2024 ...fue un placer apoyarte ..hasta pronto !!! https://t.co/Yc7kvheMAP,#Trump...I'm going with #DeSantis2024...it was a pleasure to support you...see you soon!!! https://t.co/Yc7kvheMAP,1
92,92,Trump,Dura reacción de los #medios de #comunicación al anuncio del expresidente Donald #Trump de que volverá a postularse… https://t.co/9hKngXFQWc,Harsh reaction from the #media #media to former President Donald #Trump's announcement that he will run again… https://t.co/9hKngXFQWc,1
93,93,Trump,#MUNDO 🇺🇸 #Trump anunció su candidatura a presidente.,#MUNDO 🇺🇸 #Trump announced his candidacy for president.,1
94,94,Trump,"🇺🇸 | #Trump ha intensificado recientemente los ataques contra #DeSantis, ya que se espera que el expresidente anunc… https://t.co/iNGrdowQO9",🇺🇸 | #Trump has recently intensified attacks on #DeSantis as the former president is expected to announce… https://t.co/iNGrdowQO9,0
95,95,Trump,Presidente argentino @alferdez calificó de brutal el bloqueo de #Trump a #Venezuela https://t.co/dgCubwYoB3,Argentine President @alferdez described #Trump's blockade of #Venezuela as brutal https://t.co/dgCubwYoB3,-1
96,96,Trump,Fantasy Regime 🐵 #Trump #GOP-Mafia https://t.co/wtfXNfByOK,Fantasy Regime 🐵 #Trump #GOP-Mafia https://t.co/wtfXNfByOK,-1
97,97,Trump,🇺🇸 | ¿Qué le respondió #DeSantis a #Trump?,🇺🇸 | What did #DeSantis reply to #Trump?,0
98,98,Trump,En 2016 #Trump era el excéntrico; el millonario; el de la tele; el outsider.,In 2016 #Trump was the eccentric; the millionaire; the one on TV; the outsider.,-1
99,99,Trump,Hora Veintipico #168 | Ya está aquí la guerra https://t.co/yzX6vamGVs vía @YouTube #CGPJ #Biden #Trump #Otan,Twenty-something Hour #168 | The war is here https://t.co/yzX6vamGVs via @YouTube #CGPJ #Biden #Trump #Otan,0
100,100,Trump,El descontento de las grandes corporaciones fabricantes de armas es que #Trump no inicio guerras como si… https://t.co/P2qAiiso4D,The discontent of the big arms manufacturing corporations is that #Trump did not start wars as if… https://t.co/P2qAiiso4D,1
101,101,Trump,🇺🇸 | #DeSantis respondió le respondió a #Trump diciendo que está centrado en liderar su estado.,🇺🇸 | #DeSantis responded to #Trump by saying that he is focused on leading his state.,0
102,102,Trump,#EUA 🔴⚪️|| @POTUS45 #Trump anunció su candidatura a la presidencia de #EstadosUnidos en 2024 https://t.co/h9tH4txiJI https://t.co/TkMoQZkx72,#USA 🔴⚪️|| @POTUS45 #Trump announced his candidacy for the #United States presidency in 2024 https://t.co/h9tH4txiJI https://t.co/TkMoQZkx72,0
103,103,Trump,"🇺🇸 | Kari Lake era una de las candidatas que contaba con el apoyo explícito de #Trump, hasta el punto de que era co… https://t.co/C1gjK8idJC","🇺🇸 | Kari Lake was one of the candidates who had the explicit support of #Trump, to the point that she was co… https://t.co/C1gjK8idJC",0
104,104,Trump,🔴 #Midterms2022 aguaron anuncio de #Trump?,🔴 #Midterms2022 waited for #Trump's announcement?,1
105,105,Trump,Donald Trump promete un progreso económico y la caída de la inflación en EE.UU en su nueva candidatura.,Donald Trump promises economic progress and a drop in inflation in the US in his new candidacy.,1
106,106,Trump,#Bélgica Cubanos se expresan contra genocida bloqueo d #EEUU a pueblo d #Cuba las 243 medidas d #Trump y la injusta… https://t.co/AX8XR0n3S7,#Belgium Cubans express themselves against the genocidal blockade of the #USA against the people of #Cuba the 243 measures of #Trump and the unfair… https://t.co/AX8XR0n3S7,1
107,107,Trump,#Trump está desquiciado.,#Trump is unhinged.,-1
108,108,Trump,#ACTUALIDAD | AMLO sobre Donald Trump: “Es buena persona y lo respeto”,"#CURRENT | AMLO on Donald Trump: ""He is a good person and I respect him""",0
109,109,Trump,Donald Trump promete un progreso económico y la caída de la inflación en EE.UU en su nueva candidatura.,Donald Trump promises economic progress and a drop in inflation in the US in his new candidacy.,1
110,110,Trump,#Trump será candidato en 2024.,#Trump will be a candidate in 2024.,1
111,111,Trump,"El expresidente de #EUA, #Trump, anunció este martes desde Florida su intención de competir en las elecciones de 20… https://t.co/PFJRCD6yCn","The former president of #USA, #Trump, announced this Tuesday from Florida his intention to compete in the elections of 20… https://t.co/PFJRCD6yCn",0
112,112,Trump,Mar-a-Lago  #Trump #Jan6thInsurrection https://t.co/H9ZEDFfOZn,Mar-a-Lago #Trump #Jan6thInsurrection https://t.co/H9ZEDFfOZn,1
113,113,Trump,"#Mundo ""#Trump les costó tres elecciones (en 2018, 2020 y 2022) y preferirían que no les arruinara una cuarta, en 2… https://t.co/tJ4OEbXBQ7","#World ""#Trump cost them three elections (in 2018, 2020 and 2022) and they would prefer that he not ruin a fourth one, in 2… https://t.co/tJ4OEbXBQ7",-1
114,114,Trump,Donald Trump lanzó su candidatura para volver a la presidencia en 2024,Donald Trump launched his candidacy to return to the presidency in 2024,0
115,115,Trump,Donald Trump califica a los latinos como gente trabajadora y elogia lo que se ha hecho en Texas y en Florida.,Donald Trump describes Latinos as working people and praises what has been done in Texas and Florida.,1
116,116,Trump,"🇺🇸 🗳️ ¡Está de vuelta! 😒 El expresidente de Estados Unidos, Donald Trump, anunció que irá por la presidencia del pa… https://t.co/4JJIVWTITT","🇺🇸 🗳️ It's back! 😒 The former president of the United States, Donald Trump, announced that he will run for the presidency of the pa… https://t.co/4JJIVWTITT",-1
117,117,Trump,"#Trump irá por la #CasaBlanca, pero la justicia de #EEUU va por él.","#Trump will go for the #WhiteHouse, but the #USA justice is going for him.",-1
118,118,Trump,@VinicioSenador @rcavada Pero ¿Por qué no se pronunció cuando #Trump hacia centros de concentración de niños de pad… https://t.co/XwlFg6YObn,@VinicioSenador @rcavada But why didn't he speak out when #Trump directed concentration centers for paddling children… https://t.co/XwlFg6YObn,-1
119,119,Trump,Estás dos fotos son dignas de un Rembrandt #NATO #OTAN #Biden #Trump #BidenWorstPresidentEver #Russia #Poland https://t.co/JXVJ39n79W,These two photos are worthy of a Rembrandt #NATO #NATO #Biden #Trump #BidenWorstPresidentEver #Russia #Poland https://t.co/JXVJ39n79W,0
120,120,Trump,Donald Trump califica a los latinos como gente trabajadora y elogia lo que se ha hecho en Texas y en Florida.,Donald Trump describes Latinos as working people and praises what has been done in Texas and Florida.,1
121,121,Trump,#16Nov  #AsiLoDijo #Trump anuncia que competirá de nuevo por la Presidencia de #EEUU  https://t.co/jEV6mJ5Awt https://t.co/2g181ZktQF,#16Nov #AsiLoDijo #Trump announces that he will compete again for the #US Presidency https://t.co/jEV6mJ5Awt https://t.co/2g181ZktQF,0
122,122,Trump,La reputación de #Trump se vio manchada por su negligente negación y mala gestión de una #pandemia única en 100 año… https://t.co/zfGav6uZOU,#Trump's reputation was tarnished by his negligent denial and mismanagement of a once-in-100-year #pandemic… https://t.co/zfGav6uZOU,1
123,123,Trump,Trump confirma su tercera carrera hacia la presidencia de los Estados Unidos 🇺🇸👉 Conoce más detalles aquí ⬇️:… https://t.co/UgrgxbzcsZ,Trump confirms his third run for the presidency of the United States 🇺🇸👉 Find out more details here ⬇️:… https://t.co/UgrgxbzcsZ,0
124,124,Trump,"#Trump ha sido sometido a juicio político dos veces: una por tratar de obligar a #Ucrania a investigar a #Biden y,… https://t.co/oNeC3J4iwC","#Trump has been impeached twice: once for trying to force #Ukraine to investigate #Biden and,… https://t.co/oNeC3J4iwC",0
125,125,Trump,"Más de 400 acciones ejecutivas y decisiones en contra de #migrantes se dieron en el periodo de #Trump, no solo cont… https://t.co/WAR7Ocgwye","More than 400 executive actions and decisions against #immigrants were made in the #Trump period, not just cont… https://t.co/WAR7Ocgwye",-1
126,126,Trump,"Cuando fue Presidente, el lenguaje de #Trump hizo que incrementaran los crímenes de odio, principalmente en contra… https://t.co/H35dXhcHi9","When he was President, #Trump's language led to an increase in hate crimes, mainly against… https://t.co/H35dXhcHi9",-1
127,127,Trump,Juez estadounidense restringe la ley de el mandato de Trump que permitía expulsar a migrantes por razones de salud… https://t.co/leNkBBIwdY,US judge restricts Trump's mandate law that allowed expelling migrants for health reasons… https://t.co/leNkBBIwdY,-1
128,128,Trump,"@AmericanoMedia Este troglodita, ignorante y codicioso de #Trump se habría aliado con #PutinWarCriminal",@AmericanoMedia This #Trump ignorant and greedy troglodyte would have sided with #PutinWarCriminal,-1
129,129,Trump,"Upss, #Pence dice 'Creo que tendremos mejores opciones' que #Trump en 2024.","Whoops, #Pence says 'I think we'll have a better chance' than #Trump in 2024.",-1
130,130,Trump,#Trump,#Trump,1
131,131,Trump,#ultimahora | Se confirma que Donald Trump luchara nuevamente por la candidatura por el Partido Republicano en vist… https://t.co/4rG3dpBM5Y,#last hour | It is confirmed that Donald Trump will fight again for the candidacy for the Republican Party in vis… https://t.co/4rG3dpBM5Y,0
132,132,Trump,"Trump critica al gobierno de Joe Biden desde la política internacional, la inflación y la economía en general.","Trump criticizes the Joe Biden government from international politics, inflation and the economy in general.",1
133,133,Trump,🇺🇸 | El Departamento de Justicia dice que la teoría de #Trump sobre cuándo puede considerar los registros del gobie… https://t.co/XvHGHuNtOH,🇺🇸 | DOJ says #Trump's theory on when he can consider gov't records… https://t.co/XvHGHuNtOH,0
134,134,Trump,"Ya culminó el plazo para que Trump declarase ante el comité por el asalto al Capitolio, pero el exmandatario pre… https://t.co/uDGLEOKmgd","The deadline for Trump to testify before the committee for the assault on the Capitol has expired, but the former president pre… https://t.co/uDGLEOKmgd",0
135,135,Trump,"🇺🇸 | #Trump confiaba en que Kari Lake iba a ganar en Arizona, pero su plan no salió como esperaba.","🇺🇸 | #Trump was confident that Kari Lake was going to win in Arizona, but his plan didn't go as he expected.",0
136,136,Trump,🇺🇸 Donald Trump afirmó que tenía la autoridad de decidir cuáles documentos de la Casa Blanca eran personales y cuál… https://t.co/XODi3nkHkw,🇺🇸 Donald Trump claimed he had the authority to decide which White House documents were personal and which… https://t.co/XODi3nkHkw,0
137,137,Trump,"#Trump  ""En las elecciones intermedias, mi tasa de éxito en los apoyos fue de 232 victorias y solo 22 derrotas.","#Trump ""In the midterms, my endorsement success rate was 232 wins and only 22 losses.",1
138,138,Trump,"Trump critica al gobierno de Joe Biden desde la política internacional, la inflación y la economía en general.","Trump criticizes the Joe Biden government from international politics, inflation and the economy in general.",1
139,139,Trump,"🔴 EEUU 🇺🇸  #Trump está lanzando una tercera candidatura a la Casa Blanca, pero hay una lista de posibles retadores… https://t.co/O5cJOc2g4z","🔴 USA 🇺🇸 #Trump is launching a third run for the White House, but there is a list of possible challengers… https://t.co/O5cJOc2g4z",0
140,140,Trump,"Donald Trump, expresidente de Estados Unidos, anunció que volverá a competir por la presidencia del país en las ele… https://t.co/YtVQ8bqDj9","Donald Trump, former president of the United States, announced that he will once again compete for the presidency of the country in the elections… https://t.co/YtVQ8bqDj9",0
141,141,Trump,#Trump anunció que se postulará en 2024 para regresar a la #CasaBlanca,#Trump announced that he will run in 2024 to return to the #WhiteHouse,0
142,142,Trump,Un juez federal anula la política fronteriza de la era #Trump conocida como Título 42  https://t.co/0wlwYz1h28,A federal judge strikes down the #Trump-era border policy known as Title 42 https://t.co/0wlwYz1h28,0
143,143,Trump,Mensaje a #Trump.,Message to #Trump.,0
144,144,Trump,"Esta ""#Izquierda"" hay que #votar para que no avancen los #Trump?  @sergiodwy @FelipePigna @carlosbardem… https://t.co/naOjhv9PmM","Does this ""#Left"" have to #vote so that the #Trumps do not advance? @sergiodwy @FelipePigna @carlosbardem… https://t.co/naOjhv9PmM",1
145,145,Trump,Donald Trump presentó los documentos para hacer oficial su candidatura para la Casa Blanca en 2024.,Donald Trump presented the documents to make his candidacy for the White House official in 2024.,0
146,146,Trump,Donald #Trump es el primero en lan… https://t.co/eFDfDg3ybC,Donald #Trump is first on lan… https://t.co/eFDfDg3ybC,0
147,147,Trump,Donald Trump ex Presidente de EUA dice que está preparado para lanzarse a la candidatura a las elec… https://t.co/Ml6CAKDqZE,Donald Trump former US President says he is ready to run for election… https://t.co/Ml6CAKDqZE,0
148,148,Trump,#Trump se presentará a las presidenciales.,#Trump will run for president.,1
149,149,Trump,Mejor dicho imposible 👌🏻👌🏻 #Trump #abajoelcomunismo #AbajoLaDictadura #AbajoLaDictaduraComunista #nomasdictadura https://t.co/gLqavVJP00,Rather impossible 👌🏻👌🏻 #Trump #abajoelcomunismo #AbajoLaDictadura #AbajoLaDictaduraComunista #nomasdictadura https://t.co/gLqavVJP00,0
150,150,Trump,"🇲🇽🇺🇸 Donald #Trump dice de #AMLO: ""es un gran caballero, pero socialista"" y así responde Andrés Manuel López Obrado… https://t.co/Tqt7CXAHpx","🇲🇽🇺🇸 Donald #Trump says of #AMLO: ""he is a great gentleman, but a socialist"" and this is how Andrés Manuel López Obrado responds… https://t.co/Tqt7CXAHpx",0
151,151,Trump,Donald Trump presentó los documentos para hacer oficial su candidatura para la Casa Blanca en 2024.,Donald Trump presented the documents to make his candidacy for the White House official in 2024.,0
152,152,Trump,Recuerdo aquel glorioso día cuando el tío #Trump les advirtió a los alemanes que esto pasaría.,I remember that glorious day when Uncle #Trump warned the Germans this would happen.,1
153,153,Trump,"(4/8) Republicano, El argumento #Trump  es que el sistema social no da abasto a los ciudadanos americanos contribuy… https://t.co/bAcgo0oHhd","(4/8) Republican, The #Trump argument is that the social system cannot cope with American citizens contribute… https://t.co/bAcgo0oHhd",-1
154,154,Trump,"Durante la era #Trump , DHS* había puesto más trabas a aquellos inmigrantes que habí… https://t.co/EDodSAlhhi","During the #Trump era, DHS* had put more obstacles to those immigrants who had… https://t.co/EDodSAlhhi",0
155,155,Trump,Ya se había tardado el tío #Trump.,Uncle #Trump had already taken time.,1
156,156,Trump,🇺🇸 | #Trump decide no ir a declarar a un juicio al que fue citado.,🇺🇸 | #Trump decides not to go to testify at a trial to which he was summoned.,0
157,157,Trump,Donald Trump anuncia su candidatura presidencial para el 2024.,Donald Trump announces his presidential candidacy for 2024.,0
158,158,Trump,Después de la #Fox también su hija abandona a #Trump 😋 https://t.co/uiRyC8RTjU,"After the #Fox, his daughter also abandons #Trump 😋 https://t.co/uiRyC8RTjU",-1
159,159,Trump,#Trump se volverá a postular para presidente en el 2024.,#Trump will run for president again in 2024.,0
160,160,Trump,"#politica | #AMLO reviró este miércoles en su conferencia de prensa que no sabía lo que había dicho #Trump , pero c… https://t.co/xGH9dxKI4e","#politics | #AMLO reverted this Wednesday in his press conference that he did not know what #Trump had said, but c… https://t.co/xGH9dxKI4e",0
161,161,Trump,😵‍💫 Mar-a-Lardo #MarALago #GOP #Trump #TrumpAnnouncement #TedCruz #2024Election https://t.co/yicwkpEhXC,😵‍💫 Mar-a-Lardo #MarALago #GOP #Trump #TrumpAnnouncement #TedCruz #2024Election https://t.co/yicwkpEhXC,0
162,162,Trump,Las encuestas sobre intención de voto le son adversas a #Trump.,Voting intention polls are adverse to #Trump.,1
163,163,Trump,Donald Trump anuncia su candidatura presidencial para el 2024.,Donald Trump announces his presidential candidacy for 2024.,0
164,164,Trump,#Trump entra a la carrera presidencial de #EU https://t.co/1Y9P5WvqYz,#Trump enters the #EU presidential race https://t.co/1Y9P5WvqYz,0
165,165,Trump,#Trump entra a la carrera presidencial de #EU https://t.co/hIxATYEzG4,#Trump enters the #EU presidential race https://t.co/hIxATYEzG4,0
166,166,Trump,Que puede salir mal ? #AIart #AIArtwork #aiartcommunity #Trump #Putin https://t.co/kjo1t08f15,What can go wrong? #AIart #AIArtwork #aiartcommunity #Trump #Putin https://t.co/kjo1t08f15,1
167,167,Trump,Las políticas públicas comparadas en el periodo pandemico:  #Trump #Orban #Bolsonaro,Public policies compared in the pandemic period: #Trump #Orban #Bolsonaro,1
168,168,Trump,#EclipseNoticias #EclipseInternacional  📰 #Trump anuncia su campaña presidencial para 2024,#EclipseNoticias #EclipseInternacional 📰 #Trump announces his presidential campaign for 2024,0
169,169,Trump,#EclipseNoticias #EclipseInternacional  📰 #Trump anuncia su campaña presidencial para 2024,#EclipseNoticias #EclipseInternacional 📰 #Trump announces his presidential campaign for 2024,0
170,170,Trump,#Trump se postulará para los próximos comicios electorales #USA.,#Trump will run for the next #USA electoral elections.,1
171,171,Trump,🇺🇸 #Trump quiere ser presidente: anunció su candidatura para 2024 🔻,🇺🇸 #Trump wants to be president: he announced his candidacy for 2024 🔻,1
172,172,Trump,Donald Trump anunció su candidatura presidencial para el 2024.,Donald Trump announced his presidential candidacy for 2024.,0
173,173,Trump,🇺🇸 | La documentación de #Trump para postular su aspiración llegó al Comité Federal de Elecciones… https://t.co/fiMIi0tnNE,🇺🇸 | #Trump's documentation to apply for his aspiration reached the Federal Election Committee… https://t.co/fiMIi0tnNE,0
174,174,Trump,Los directivos de @datanalisis se quitan la careta y lamentan que #Trump aspire a la presidencia de los EEUU y que… https://t.co/9o93haKn6k,The directors of @datanalisis take off their mask and regret that #Trump aspires to the presidency of the United States and that… https://t.co/9o93haKn6k,1
175,175,Trump,Alberto Fernández acusó a #Trump de “imponer la lógica del bloqueo” a 🇻🇪Venezuela https://t.co/ybLrhEkMMX https://t.co/Of497y9BMI,"Alberto Fernández accused #Trump of ""imposing the logic of the blockade"" on 🇻🇪Venezuela https://t.co/ybLrhEkMMX https://t.co/Of497y9BMI",0
176,176,Trump,“Es buena persona y lo respeto”: #AMLO sobre #Trump | #DonaldTrump #Veracruz #Xalapa #FormatoSiete https://t.co/xKs0lBqH4s,"""He is a good person and I respect him"": #AMLO on #Trump | #DonaldTrump #Veracruz #Xalapa #FormatoSiete https://t.co/xKs0lBqH4s",0
177,177,Trump,"#Midterms2022 - No empece a su proyección estupida y charlatana, #Trump logró desviar la atención a hacia su estrep… https://t.co/pKaFjeE3En","#Midterms2022 - I didn't start his stupid and talkative projection, #Trump managed to divert attention to his strup… https://t.co/pKaFjeE3En",0
178,178,Trump,Donald Trump anunció su candidatura presidencial para el 2024.,Donald Trump announced his presidential candidacy for 2024.,0
179,179,Trump,El mejor video de marketing con #Trump   cuándo aún se dedicaba al área empresarial.,The best marketing video with #Trump when he was still in business.,0
180,180,Trump,🇺🇸 #Trump se presentará a las presidenciales ¿qué hará De Santis?,"🇺🇸 #Trump will run for president, what will De Santis do?",0
181,181,Trump,#EEUU | Donald #Trump oficializó su candidatura a la presidencia de #EEUU para las elecciones de 2024.,#USA | Donald #Trump formalized his candidacy for the #USA presidency for the 2024 elections.,0
182,182,Trump,DeSantis desestima las opiniones de Trump y presume su gran triunfo en las elecciones intermedias.,DeSantis dismisses Trump's views and boasts about his big win in the midterms.,0
183,183,Trump,#EEUU El expresidente de Estados Unidos Donald #Trump no contará con su hija #Ivanka en el equipo de su campaña par… https://t.co/A9SyOzFZFC,#USA The former president of the United States Donald #Trump will not have his daughter #Ivanka in his campaign team for… https://t.co/A9SyOzFZFC,0
184,184,Trump,¿Podrá #Trump en 2024? https://t.co/wJCzxA3dni,Will #Trump be able to in 2024? https://t.co/wJCzxA3dni,-1
185,185,Trump,"#Trump #AMLO | El presidente dijo que no escuchó el discurso de Trump, pero de igual forma respondió 😐😐 https://t.co/DpxGSsQWps","#Trump #AMLO | The president said he didn't hear Trump's speech, but he responded anyway 😐😐 https://t.co/DpxGSsQWps",0
186,186,Trump,"Durante una conferencia de prensa en Mar-A-Lago, Donald Trump expresó su deseo de postularse como candidato a la Pr… https://t.co/d5R4jb1xaZ","During a press conference at Mar-A-Lago, Donald Trump expressed his desire to run as a candidate for Pr… https://t.co/d5R4jb1xaZ",0
187,187,Trump,#Trump aseveró “China nos respetaba.,#Trump asserted “China respected us.,1
188,188,Trump,#Trump le agradece éxito a @lopezobrador_.,#Trump thanks @lopezobrador_ for success.,1
189,189,Trump,"El presidente @lopezobrador_ respondió que #Trump es capitalista y no es perfecto, pero que es buena persona y lo r… https://t.co/pieqDGf8No","President @lopezobrador_ responded that #Trump is a capitalist and is not perfect, but that he is a good person and he r… https://t.co/pieqDGf8No",0
190,190,Trump,DeSantis desestima las opiniones de Trump y presume su gran triunfo en las elecciones intermedias.,DeSantis dismisses Trump's views and boasts about his big win in the midterms.,0
191,191,Trump,¿Quiénes son los rivales de Trump para 2024?  https://t.co/XQU895svnb,Who are Trump's rivals for 2024? https://t.co/XQU895svnb,0
192,192,Trump,#Trump #Trump2024 #GOP,#Trump #Trump2024 #GOP,1
193,193,Trump,5/🧵LA NOVIA DE CHUCKY y la postulación a la presidencia de EEUU de #Trump.,5/🧵CHUCKY'S GIRLFRIEND and #Trump's US presidential nomination.,1
194,194,Trump,@ChumelTorres Con #Trump ya estaríamos a mitad de la guerra,@ChumelTorres With #Trump we would already be in the middle of the war,-1
195,195,Trump,Mensaje a #Trump.,Message to #Trump.,0
196,196,Trump,#Trump #elecciones #PutinCabron,#Trump #elections #PutinCabron,1
197,197,Trump,"Durante una conferencia de prensa en Mar-A-Lago, Donald Trump expresó su deseo de postularse como candidato a la Pr… https://t.co/gnwqrbKpkV","During a press conference at Mar-A-Lago, Donald Trump expressed his desire to run as a candidate for Pr… https://t.co/gnwqrbKpkV",0
198,198,Trump,"Con la confirmación de que #Trump va de nuevo por la Casa Blanca, y en medio de un cúmulo de… https://t.co/hDGclN5cC7","With the confirmation that #Trump is going to the White House again, and in the midst of a cluster of… https://t.co/hDGclN5cC7",0
199,199,Trump,Joe Biden se presentará a las elecciones de 2024 para que Donald Trump no llegue a Casa Blanca otra vez.,Joe Biden will run in the 2024 elections so that Donald Trump does not reach the White House again.,0
200,200,Trump,Ivanka #Trump anuncia que esta vez no se meterá en política https://t.co/4sXE8AUumj,Ivanka #Trump announces that this time she will not get into politics https://t.co/4sXE8AUumj,0
201,201,Trump,"Candidata de Donald Trump para la gobernación de Arizona, pierde ante la demócrata Katie Hobbs.","Donald Trump's candidate for governor of Arizona, loses to Democrat Katie Hobbs.",0
202,202,Trump,Mensaje a #Trump.,Message to #Trump.,0
203,203,Trump,Mensaje a #Trump.,Message to #Trump.,0
204,204,Trump,#AMLO sobre #Trump…,#AMLO on #Trump...,0
205,205,Trump,"¿Cuál fue la opinión del gobernador de Florida Ron DeSantis, con las críticas de Trump? 🇺🇸 ➡️ Dale clic y revisa lo… https://t.co/ZOPRdVdpH8","What was the opinion of the governor of Florida Ron DeSantis, with the criticisms of Trump? 🇺🇸 ➡️ Click and check what… https://t.co/ZOPRdVdpH8",0
206,206,Trump,Donald #Trump y Joe #Biden ante la #amenaza #china https://t.co/sixJFbN65y,Donald #Trump and Joe #Biden in the face of the #Chinese #threat https://t.co/sixJFbN65y,0
207,207,Trump,"Donald Trump: ""¿Están listos?","Donald Trump: ""Are you ready?",1
208,208,Trump,"A ANDRÉS MANUEL LÓPEZ OBRADOR; ""ES UN GRAN CABALLERO"" Donald Trump… https://t.co/Kq6DgGgYqh","ANDRES MANUEL LOPEZ OBRADOR; ""HE IS A GREAT GENTLEMAN"" Donald Trump… https://t.co/Kq6DgGgYqh",1
209,209,Trump,👉👉👉 Trump anuncia candidatura presidencial para 2024 https://t.co/A0kxq1xQDE #noticiascristianas2022 #eeuu #trump… https://t.co/fCT7VLuYsl,👉👉👉 Trump announces presidential candidacy for 2024 https://t.co/A0kxq1xQDE #noticiascristianas2022 #eeuu #trump… https://t.co/fCT7VLuYsl,1
210,210,Trump,DeSantis desestimó totalmente las opiniones de Trump y aseguró que se ha llevado a cabo «la mayor victoria republic… https://t.co/Ftr6cy23jN,"DeSantis totally dismissed Trump's views, claiming ""the biggest Republican victory ever… https://t.co/Ftr6cy23jN",1
211,211,Trump,#EEUU | Donald Trump anuncia su candidatura a la Casa Blanca en 2024.,#USA | Donald Trump announces his candidacy for the White House in 2024.,0
212,212,Trump,Donald Trump anuncia su candidatura a elecciones presidenciales en EE.UU.,Donald Trump announces his candidacy for the US presidential elections.,0
213,213,Trump,Donald Trump anuncia su candidatura a elecciones presidenciales en EE.UU.,Donald Trump announces his candidacy for the US presidential elections.,0
214,214,Trump,aunque falta el pran de #Trump @PartidoPSUV #Qatar2022 #GRAMMYs @ccpa_psuv… https://t.co/uulUqqnJRp,although the pran of #Trump is missing @PartidoPSUV #Qatar2022 #GRAMMYs @ccpa_psuv… https://t.co/uulUqqnJRp,1
215,215,Trump,"El gobernador de Florida, Ron DeSantis, desestimó la opinión del expresidente Donald Trump 🇺🇸 ➡️ Si deseas más info… https://t.co/5S8sSn9477",Florida Governor Ron DeSantis dismissed former President Donald Trump's opinion 🇺🇸 ➡️ If you want more info… https://t.co/5S8sSn9477,0
216,216,Trump,#Internacional #Política 👥👥Donald #Trump se postula para las elecciones presidenciales en 2024.,#International #Politics 👥👥Donald #Trump is running for the presidential election in 2024.,0
217,217,Trump,#Internacional #Política 👥👥Donald #Trump se postula para las elecciones presidenciales en 2024.,#International #Politics 👥👥Donald #Trump is running for the presidential election in 2024.,0
218,218,Trump,#16Nov  #AsiLoDijo #Trump anuncia que competirá de nuevo por la Presidencia de #EEUU  https://t.co/jEV6mJ5Awt https://t.co/Px6SPAQwEh,#16Nov #AsiLoDijo #Trump announces that he will compete again for the #US Presidency https://t.co/jEV6mJ5Awt https://t.co/Px6SPAQwEh,0
219,219,Trump,"Donald Trump: ""¿Están listos?","Donald Trump: ""Are you ready?",1
220,220,Trump,#Internacional | Anuncia #Trump su regreso a la Casa Blanca.,#International | #Trump announces his return to the White House.,0
221,221,Trump,#Internacional | Anuncia #Trump su regreso a la Casa Blanca.,#International | #Trump announces his return to the White House.,0
222,222,Trump,dw_espanol: #Trump lanza oficialmente su carrera hacia la Casa Blanca,dw_espanol: #Trump officially launches his run for the White House,0
223,223,Trump,Mensaje a #Trump.,Message to #Trump.,0
224,224,Trump,El expresidente estadounidense Donald #Trump anunció oficialmente que competirá por la candidatura del Partido Repu… https://t.co/BNDNEDlIyf,Former US President Donald #Trump officially announced that he will run for the Republican Party nomination… https://t.co/BNDNEDlIyf,0
225,225,Trump,"“#CasaBlanca tiene un plan para responder a la campaña #presidencial de Trump”: #Biden, presidente de los #EUA, dic… https://t.co/1Adz8xR0ZI","“#CasaBlanca has a plan to respond to Trump's #presidential campaign”: #Biden, president of the #USA, Dec… https://t.co/1Adz8xR0ZI",0
226,226,Trump,"El NYT abre un ""agujero negro"" en su portal para escribir los sentimientos que provoca la candidatura de #Trump.","The NYT opens a ""black hole"" in its portal to write the feelings that #Trump's candidacy provokes.",0
227,227,Trump,Donald J. Trump anuncia oficialmente su candidatura presidencial para el 2024.,Donald J. Trump officially announces his 2024 presidential candidacy.,0
228,228,Trump,Competición de #Trump por la candidatura republicana genera divisiones https://t.co/JmXdjS5QtB,#Trump's competition for the Republican nomination generates divisions https://t.co/JmXdjS5QtB,0
229,229,Trump,Donald Trump lanza nueva campaña por la presidencia de EEUU.,Donald Trump launches a new campaign for the US presidency.,0
230,230,Trump,#Trump #EEUU #Noticias https://t.co/Mwp9JfKI2B https://t.co/FExX0Ob6ZY,#Trump #USA #News https://t.co/Mwp9JfKI2B https://t.co/FExX0Ob6ZY,0
231,231,Trump,#Trump lanza oficialmente su carrera hacia la Casa Blanca,#Trump officially launches his run for the White House,0
232,232,Trump,Donald Trump es candidato oficial a las presidenciales de 2024 https://t.co/UYS6VN8Ajv #Trump #EEUU #Elecciones… https://t.co/6rwbyFT3vq,Donald Trump is the official candidate for the 2024 presidential elections https://t.co/UYS6VN8Ajv #Trump #USA #Elections… https://t.co/6rwbyFT3vq,0
233,233,Trump,🇺🇸📢🗳️Anuncia Donald #Trump su tercera candidatura a la #presidencia de #EstadosUnidos #USA #America #elecciones… https://t.co/pPN2YJfLXF,🇺🇸📢🗳️ Donald #Trump announces his third candidacy for the #presidency of the #United States #USA #America #elections… https://t.co/pPN2YJfLXF,0
234,234,Trump,#EEUU | El expresidente estadounidense Donald #Trump anunció oficialmente que competirá por la candidatura del Part… https://t.co/woJkjdaPY7,#USA | Former US President Donald #Trump officially announced that he will compete for the Party's candidacy… https://t.co/woJkjdaPY7,0
235,235,Trump,Donald J. Trump anuncia oficialmente su candidatura presidencial para el 2024.,Donald J. Trump officially announces his 2024 presidential candidacy.,0
236,236,Trump,#EEUU | El expresidente estadounidense Donald #Trump anunció oficialmente que competirá por la candidatura del Part… https://t.co/sc6NQBl3YE,#USA | Former US President Donald #Trump officially announced that he will compete for the Party's candidacy… https://t.co/sc6NQBl3YE,0
237,237,Trump,Trump da el pistoletazo de salida de la carrera por la nominación republicana y anuncia su no… https://t.co/XA1B5mVPF0,Trump kicks off the race for the Republican nomination and announces his no… https://t.co/XA1B5mVPF0,0
238,238,Trump,Confirma #Trump candidatura presidencial para 2024 .,Confirm #Trump presidential candidacy for 2024.,0
239,239,Trump,Este 15 de noviembre Trump entró en su campaña presidencial de… https://t.co/y9qpwaKkHO,This November 15 Trump entered his presidential campaign of… https://t.co/y9qpwaKkHO,0
240,240,Trump,"La postulación de #Trump va en contra de las recomendaciones de los propios republicanos, que le sugerían hacer… https://t.co/vvcHUmfdOt","#Trump's candidacy goes against the recommendations of the Republicans themselves, who suggested he do… https://t.co/vvcHUmfdOt",0
241,241,Trump,#Trump anuncia su candidatura presidencial para 2024 #trump2024 #campañapolitica #republicanos #latinos #votos… https://t.co/GL7Yy5hTip,#Trump announces his presidential candidacy for 2024 #trump2024 #political campaign #republicans #latinos #votes… https://t.co/GL7Yy5hTip,0
242,242,Trump,#Trump anuncia su candidatura presidencial para 2024 #trump2024 #campañapolitica #republicanos #latinos #votos… https://t.co/v5Bb0Agz71,#Trump announces his presidential candidacy for 2024 #trump2024 #political campaign #republicans #latinos #votes… https://t.co/v5Bb0Agz71,0
243,243,Trump,DeSantis desestimó las recientes declaraciones de Trump sobre su victoria en las elecciones intermedias.,DeSantis dismissed Trump's recent remarks about his victory in the midterm elections.,0
244,244,Trump,De nuevo #Trump candidato.,Again #Trump candidate.,1
245,245,Trump,Mensaje a #Trump.,Message to #Trump.,0
246,246,Trump,"Por 3ra ocasión, #DonaldTrump anuncia su candidatura a la Presidencia de #EstadosUnidos para 2024.","For the 3rd time, #DonaldTrump announces his candidacy for the Presidency of the #United States for 2024.",0
247,247,Trump,🇺🇸 - #Trump  https://t.co/Md5itjTVRh,🇺🇸 - #Trump https://t.co/Md5itjTVRh,0
248,248,Trump,DeSantis defiende su postura ante críticas de Trump 🇺🇸 ➡️ Dale clic y revisa los detall… https://t.co/sV7lHAfgJi,DeSantis defends his position against Trump's criticism 🇺🇸 ➡️ Click and review the details… https://t.co/sV7lHAfgJi,0
249,249,Trump,#Trump impulsa su discurso contra los #migrantes #trump2024 #ultimahora🚨 #BreakingNews #joralda23noticias #fyp… https://t.co/subUAjvpk6,#Trump promotes his speech against #migrants #trump2024 #ultimahora🚨 #BreakingNews #joralda23noticias #fyp… https://t.co/subUAjvpk6,0
250,250,Trump,"Este martes, el ex presidente Donald #Trump anunció su tercera campaña para conseguir su candidatura presidencial e… https://t.co/N16WcMl19q","This Tuesday, former President Donald #Trump announced his third campaign to win his presidential candidacy and… https://t.co/N16WcMl19q",0
251,251,Trump,#Trump https://t.co/6RnGVXQ9t7,#Trump https://t.co/6RnGVXQ9t7,0
252,252,Trump,Él mismo anuncia que Trump se postulará a Presidente en las elecciones de Estados Unidos y deja un mensaje para que… https://t.co/3DAPHsuOjS,He himself announces that Trump will run for President in the United States elections and leaves a message for… https://t.co/3DAPHsuOjS,0
253,253,Trump,"-#Trump va de nuevo por la Casa Blanca -#AMLO: ""plan B"" para su reforma electoral -Vota AN c… https://t.co/2QDjo28sR4","-#Trump goes to the White House again -#AMLO: ""plan B"" for his electoral reform -Vote AN c… https://t.co/2QDjo28sR4",0
254,254,Trump,Trump competirá por la Presidencia en 2024 para “devolver la gloria” a EE.UU.,"Trump will compete for the Presidency in 2024 to ""restore glory"" to the United States.",0
255,255,Trump,#Trump… https://t.co/nzopWFnOaf,#Trump… https://t.co/nzopWFnOaf,1
256,256,Trump,DeSantis desestimó las recientes declaraciones de Trump sobre su victoria en las elecciones intermedias.,DeSantis dismissed Trump's recent remarks about his victory in the midterm elections.,0
257,257,Trump,🇺🇸 #Trump anuncia su candidatura para las presidenciales de 2022.,🇺🇸 #Trump announces his candidacy for the 2022.,1
258,258,Trump,"Nadie debería de reírse de #Trump, la última vez que lo hicimos ganó la presidencia","No one should laugh at #Trump, the last time we did it he won the presidency",-1
259,259,Trump,🇺🇸 | ¿Qué hará el gobierno de los Estados Unidos con los documentos en Mar-a-Lago que #Trump no quiso devolver?,🇺🇸 | What will the US government do with the documents at Mar-a-Lago that #Trump did not want to return?,0
260,260,Trump,AMEN #GODITRUST #BIBLEVERSE #MAGA #TRUMP #Trump2024 #WednesdayMotivation #JESUS #PRAY #WednesdayWisdom #wednesday… https://t.co/wOKeP8IEKE,AMEN #GODITRUST #BIBLEVERSE #MAGA #TRUMP #Trump2024 #WednesdayMotivation #JESUS ​​#PRAY #WednesdayWisdom #wednesday… https://t.co/wOKeP8IEKE,1
261,261,Trump,🇺🇸 | ¿Cómo #Trump va a afrontar la derrota de Kari Lake frente a #KatieHobbs?,🇺🇸 | How is #Trump going to deal with Kari Lake's loss to #KatieHobbs?,1
262,262,Trump,Donald Trump buscará igualar un récord casi imposible.,Donald Trump will seek to equal an almost impossible record.,0
263,263,Trump,DeSantis asegura que los recientes “ataques” del expresidente de Estados Unidos Donald Trump son solo “ruidos”.🇺🇲,"DeSantis says that the recent ""attacks"" by former US President Donald Trump are just ""noise"".🇺🇲",0
264,264,Trump,Biden cuando se entera de que Trump se presentará a las elecciones #Trump #TrumpAnnouncement https://t.co/8p1PewBnH7,Biden when he finds out that Trump is running #Trump #TrumpAnnouncement https://t.co/8p1PewBnH7,1
265,265,Trump,ESTADOS UNIDOS | Finalmente Donald Trump anunció su candidatura a la presidencia para el 2024  #EstadosUnidos… https://t.co/XSFT7oDepO,UNITED STATES | Finally Donald Trump announced his candidacy for the presidency for 2024 #United States… https://t.co/XSFT7oDepO,0
266,266,Trump,Donald Trump anuncia que irá por la presidencia de EE.UU.,Donald Trump announces that he will run for the US presidency.,0
267,267,Trump,#Trump #EE.UU.,#Trump #USA,1
268,268,Trump,#EUA 🔴⚪️|| @POTUS45 #Trump anunció su candidatura a la presidencia de #EstadosUnidos en 2024 https://t.co/h9tH4txiJI https://t.co/w2KBmsrWMI,#USA 🔴⚪️|| @POTUS45 #Trump announced his candidacy for the #United States presidency in 2024 https://t.co/h9tH4txiJI https://t.co/w2KBmsrWMI,0
269,269,Trump,"Trump competirá por la Presidencia en 2024 para ""devolver la gloria"" a EE.UU.","Trump will compete for the Presidency in 2024 to ""restore glory"" to the United States.",1
270,270,Trump,#ImpactoLatino #Trump #Candidatura… https://t.co/xcC4eRhzv9,#ImpactoLatino #Trump #Candidature… https://t.co/xcC4eRhzv9,1
271,271,Trump,🚨📢| Trump entra a la carrera presidencial de EU; entrega documentos de registro.,🚨📢| Trump enters the US presidential race; he hands over registration documents.,0
272,272,Trump,#EstadosUnidos #Trump… https://t.co/47rqvBRXmx,#United States #Trump… https://t.co/47rqvBRXmx,1
273,273,Trump,Trump competirá por la Presidencia en 2024 para “devolver la gloria” a EE.UU.,"Trump will compete for the Presidency in 2024 to ""restore glory"" to the United States.",1
274,274,Trump,"#EEUU Exmandatario #Trump, presentó ante Comisión Federal de Elecciones, los documentos para registrar oficialmente… https://t.co/pEr6Vtt3tL","#USA Former president #Trump, presented to the Federal Election Commission, the documents to officially register… https://t.co/pEr6Vtt3tL",0
275,275,Trump,#Trump anuncia su candidatura (otra vez).,#Trump announces his candidacy (again).,1
276,276,Trump,"El expresidente, Donald Trump, apuesta por una nueva candidatura con la que asegura… https://t.co/D7I0QqpTg8","The former president, Donald Trump, is committed to a new candidacy with which he assures… https://t.co/D7I0QqpTg8",0
277,277,Trump,📢📣 #Trump anunciará su #candidatura presidencial 👇 https://t.co/BlJYJw7W9E,📢📣 #Trump will announce his #presidential candidacy 👇 https://t.co/BlJYJw7W9E,1
278,278,Trump,DeSantis asegura que los recientes “ataques” del expresidente de Estados Unidos Donald Trump son solo “ruidos”.🇺🇲,"DeSantis says that the recent ""attacks"" by former US President Donald Trump are just ""noise"".🇺🇲",0
279,279,Trump,#Trump anunció este martes su candidatura a las elecciones del 2024,#Trump announced this Tuesday his candidacy for the 2024 elections,0
280,280,Trump,El expresidente #Trump anuncia que competirá de nuevo por la presidencia.,Former President #Trump announces that he will compete again for the presidency.,0
281,281,Trump,Esto dijo al respecto: #Trump2024… https://t.co/4Xs6KfefWn,This he said about it: #Trump2024… https://t.co/4Xs6KfefWn,1
282,282,Trump,dw_espanol: #Trump volverá a competir por la presidencia en 2024,dw_espanol: #Trump will compete for the presidency again in 2024,0
283,283,Trump,"#Republicanos Se abrió la carrera por la nominación republicana, en la que por ahora se pronunció #Trump y se vislu… https://t.co/IdmwnfQXh2","#Republicans The race for the Republican nomination has opened, in which for now #Trump has ruled and it is visible… https://t.co/IdmwnfQXh2",0
284,284,Trump,#Noticias  #Trump anuncia candidatura para 2024 https://t.co/QWR5sQfj8h,#News #Trump announces candidacy for 2024 https://t.co/QWR5sQfj8h,0
285,285,Trump,🇺🇸👤 Sería la tercera ocasión en que #Trump se postula como candidato a la presidencia de EU.,🇺🇸👤 It would be the third time that #Trump has run as a candidate for the US presidency.,1
286,286,Trump,@RosaVillacastin @NunezFeijoo Ojalá #Feijoo tuviera algo de #Trump,@RosaVillacastin @NunezFeijoo I wish #Feijoo had some #Trump,1
287,287,Trump,Donald Trump presentó su candidatura a las presidenciales de 2024.… https://t.co/NXKWm8qDY3,Donald Trump presented his candidacy for the 2024 presidential elections.… https://t.co/NXKWm8qDY3,0
288,288,Trump,#Trump anuncia su aspiración para la presidencia en 2024 (Video),#Trump announces his aspiration for the presidency in 2024 (Video),0
289,289,Trump,🇺🇸 | #Trump no se presentó en la cita de la Comisión Especial.,🇺🇸 | #Trump did not show up at the Special Commission appointment.,0
290,290,Trump,🇺🇸 Donald Trump: “Me postulo porque creo que el mundo aún no ha podido ver la verdadera gloria de lo que esta nació… https://t.co/KZxwFtKZoV,🇺🇸 Donald Trump: “I am running because I believe the world has not yet been able to see the true glory of what this was born… https://t.co/KZxwFtKZoV,0
291,291,Trump,“Nancy Pelosi está despedida” …#Trump en modo El Aprendiz  https://t.co/hXBoQ6H2Rt,“Nancy Pelosi is fired” …#Trump in The Apprentice mode https://t.co/hXBoQ6H2Rt,1
292,292,Trump,🇺🇸 Joe Biden reaccionó de manera negativa al anuncio de Donald Trump sobre su candidatura presidencial.,🇺🇸 Joe Biden reacted negatively to Donald Trump's announcement about his presidential candidacy.,0
293,293,Trump,-#OCDE: #México redujo la brecha de la desigualdad -#Trump va de nuevo por la Casa Blanca  👇 https://t.co/1uJolEAN6t,-#OECD: #Mexico reduced the inequality gap -#Trump goes again for the White House 👇 https://t.co/1uJolEAN6t,0
294,294,Trump,🔴 #Midterms2022 aguaron anuncio de #Trump?,🔴 #Midterms2022 waited for #Trump's announcement?,0
295,295,Trump,🇺🇸 Donald Trump habló por más de una hora a una audiencia reunida en su mansión en Mar-a-Lago.,🇺🇸 Donald Trump spoke for more than an hour to an audience gathered at his mansion in Mar-a-Lago.,0
296,296,Trump,🇺🇸 Trump en su conferencia repasó los logros de su mandato como presidente de EE.UU.,🇺🇸 Trump in his conference reviewed the achievements of his term as president of the United States.,0
297,297,Trump,#Noticias #Internacional #Trump #EstadosUnidos 🇺🇸🗳 Donald Trump anuncia su candidatura a las elecciones presidencia… https://t.co/gEBxH0NKux,#News #International #Trump #United States 🇺🇸🗳 Donald Trump announces his candidacy for the presidential elections… https://t.co/gEBxH0NKux,0
298,298,Trump,Trump se postula para la presidencia de Estados Unidos en 2024,Trump is running for the US presidency in 2024,0
299,299,Trump,#Trump https://t.co/GK16RBIn7z,#Trump https://t.co/GK16RBIn7z,1
300,300,Trump,🇺🇸 | #Trump asegura que los papeles encontrados en Mar-a-Lago eran suyos y que el gobierno puede demandarlo si no e… https://t.co/nE7rlCnYze,🇺🇸 | #Trump assures that the papers found in Mar-a-Lago were his and that the government can sue him if he is not… https://t.co/nE7rlCnYze,0
301,301,Trump,#Trump presenta documentos para postularse como candidato a la presidencia en 2024.,#Trump files documents to run for president in 2024.,0
302,302,Trump,🇺🇸 | #KatieHobbs derrotó a Kari Lake y #Trump está decepcionado.,🇺🇸 | #KatieHobbs defeated Kari Lake and #Trump is disappointed.,0
303,303,Trump,Donald Trump confirmó en Florida su tercera carrera presidencial.,Donald Trump confirmed his third presidential run in Florida.,0
304,304,Trump,#Trump es un ex presidente delincuente.,#Trump is a criminal ex-president.,-1
305,305,Trump,#Trump2024 #Trump 🇺🇸,#Trump2024 #Trump 🇺🇸,1
306,306,Trump,"#Trump  🔹""Los malos POLÍTICOS destruyen países y matan de… https://t.co/FTdRiX3S4A","#Trump 🔹""Bad POLITICIANS destroy countries and kill from… https://t.co/FTdRiX3S4A",-1
307,307,Trump,El mensaje de los medios de #Murdoch a #Trump es bastante cristalino.,#Murdoch's media message to #Trump is pretty crystal clear.,0
308,308,Trump,#Trump… https://t.co/PZ6yoH2DWq,#Trump… https://t.co/PZ6yoH2DWq,1
309,309,Trump,#TrumpAnnouncement #Trump #USA,#TrumpAnnouncement #Trump #USA,1
310,310,Trump,"El gobernador de Florida, Ron DeSantis defiende su postura ante críticas de Trump.",Florida Governor Ron DeSantis defends his position in the face of criticism from Trump.,0
311,311,Trump,Biden dice que “Trump falló a EE.UU.” tras anuncio de candidatura para 2024,Biden Says “Trump Failed America” after announcement of candidacy for 2024,0
312,312,Trump,#Trump volverá a competir por la presidencia en 2024,#Trump will compete for the presidency again in 2024,0
313,313,Trump,#Trump anunció que se postulará en 2024 para regresar a la #casablanca  https://t.co/50Ha27CwwF,#Trump announced that he will run in 2024 to return to the #casablanca https://t.co/50Ha27CwwF,0
314,314,Trump,"El efecto #Trump no es un hombre, Trump es síntoma de una patología político-social-económica extendida, que amenaz… https://t.co/ObrOBSqJxS","The #Trump effect is not a man, Trump is a symptom of a widespread political-social-economic pathology, which threatens… https://t.co/ObrOBSqJxS",-1
315,315,Trump,- 🇺🇲 Entra #Trump a la carrera por la… https://t.co/UgrI3STE4a,- 🇺🇲 #Trump enters the race for the… https://t.co/UgrI3STE4a,0
316,316,Trump,"El expresidente de los Estados Unidos, Donald #Trump anunció ayer en Florida que se presen… https://t.co/yd5zCGXZ2V","The former president of the United States, Donald #Trump announced yesterday in Florida that they will present… https://t.co/yd5zCGXZ2V",0
317,317,Trump,#Estema hoy en @AnguloNTN24 con @Ruthdelsalto desde #Qatar | De nuevo al ruedo: #DonaldTrump  anuncia sus aspiracio… https://t.co/80xeq753gM,#Estema today at @AnguloNTN24 with @Ruthdelsalto from #Qatar | Back in the ring: #DonaldTrump announces his aspiration… https://t.co/80xeq753gM,0
318,318,Trump,Ron DeSantis recibe ataques por parte de Donald Trump 👀🇺🇸.,Ron DeSantis receives attacks from Donald Trump 👀🇺🇸.,1
319,319,Trump,#Trump anunció su candidatura a la presidencia de #EstadosUnidos en 2024.,#Trump announced his candidacy for the presidency of the #United States in 2024.,0
320,320,Trump,@CMonteroOficial Tan apologista de #Putin como un tal #Trump --- jajaja así de bajo andas.,@CMonteroOficial As much an apologist for #Putin as a certain #Trump --- hahaha that's how low you are.,1
321,321,Trump,"En medio de una gran expectación por lo que llamó un “anuncio importante”, #Trump confirma su intención de competir… https://t.co/XFjPGcKVBH","Amid great anticipation for what he called an “important announcement”, #Trump confirms his intention to compete… https://t.co/XFjPGcKVBH",0
322,322,Trump,"#Trump es cabal signo de la decadencia estadounidense, representa a millones de votantes inconformes que buscan una… https://t.co/UoGoV4va70","#Trump is a complete sign of American decadence, he represents millions of dissatisfied voters who are looking for a… https://t.co/UoGoV4va70",0
323,323,Trump,Vuelta al ruedo 🇺🇸🇺🇸🇺🇸 #Trump #TrumpAnnouncement #USA https://t.co/zBdqRs8IW7,Back in the ring 🇺🇸🇺🇸🇺🇸 #Trump #TrumpAnnouncement #USA https://t.co/zBdqRs8IW7,1
324,324,Trump,"El gobernador de Florida, Ron DeSantis defiende su postura ante críticas de Trump.",Florida Governor Ron DeSantis defends his position in the face of criticism from Trump.,0
325,325,Trump,#Trump competirá por la Presidencia en 2024 https://t.co/IGild4nTZ1,#Trump will run for the Presidency in 2024 https://t.co/IGild4nTZ1,0
326,326,Trump,#Trump competirá por la Presidencia en 2024 https://t.co/TFShyLHecg,#Trump will run for the Presidency in 2024 https://t.co/TFShyLHecg,0
327,327,Trump,"La comisión especial que investiga el asalto al Capitolio de 2001, acusa a Donald Trump de esconderse por haber rec… https://t.co/ciuMWWguW5",The special commission investigating the 2001 assault on the Capitol accuses Donald Trump of hiding for having rec… https://t.co/ciuMWWguW5,0
328,328,Trump,#Trump competirá por la Presidencia en 2024 https://t.co/duNQYhN00A,#Trump will compete for the Presidency in 2024 https://t.co/duNQYhN00A,0
329,329,Trump,#Trump2024 #Trump… https://t.co/sKTlMyvFb7,#Trump2024 #Trump… https://t.co/sKTlMyvFb7,1
330,330,Trump,✒️​​ Trump.,✒️​ Trump.,1
331,331,Trump,#Trump #CarlosEsteban,#Trump #CarlosEsteban,1
332,332,Trump,Un fragmento del anuncio 📣 de la candidatura de #Trump a las próximas elecciones por el #GOP.,A snippet of the announcement 📣 of #Trump's candidacy for the upcoming #GOP elections.,1
333,333,Trump,"@EnBocaDe_Todos el comentario sobre #Trump en este programa, es lo más idiota que he escuchado …",@EnBocaDe_Todos the comment about #Trump in this program is the most idiotic thing I've ever heard...,-1
334,334,Trump,‼️ 🗣 Donald #Trump anunció su candidatura a la presidencia para 2024.,‼️ 🗣 Donald #Trump announced his candidacy for the presidency for 2024.,1
335,335,Trump,El anuncio de #Trump no es sorpresa para nadie....,#Trump's announcement is no surprise to anyone....,-1
336,336,Trump,#Trump seguimos siendo el #Pais más rico de Latinoamérica lo q pasa es que está mal administrado solo hemos tenido… https://t.co/4oCvJ3DbWT,"#Trump we are still the richest #country in Latin America, what happens is that it is poorly managed, we have only had… https://t.co/4oCvJ3DbWT",1
337,337,Trump,Recuerdos de la administración #Trump:,Memories of the #Trump administration:,1
338,338,Trump,-#OCDE: #México redujo la brecha de la desigualdad -#Trump va de nuevo por la Ca… https://t.co/82oduBjyX5,-#OECD: #Mexico reduced the inequality gap -#Trump goes again for the Ca… https://t.co/82oduBjyX5,0
339,339,Trump,Los moderados han ganado las elecciones de medio mandato en Estados Unidos  #Trump convertido en un lastre electora… https://t.co/zwT6BAKXG1,The moderates have won the mid-term elections in the United States #Trump turned into an electoral ballast… https://t.co/zwT6BAKXG1,-1
340,340,Trump,Viendo a @josemdelpino en #NuevaYork @canal13 sobre el anuncio de #Trump y la guerra en Ucrania 🇺🇦!!!,Watching @josemdelpino in #NewYork @canal13 about the #Trump announcement and the war in Ukraine 🇺🇦!!!,0
341,341,Trump,-#OCDE: #México redujo la brecha de la desigualdad -#Trump va de nuevo por la Ca… https://t.co/TjJKTW7dDy,-#OECD: #Mexico reduced the inequality gap -#Trump goes again for the Ca… https://t.co/TjJKTW7dDy,0
342,342,Trump,#Trump 2021 Gold Plated Coin - #Yuuuge Roi! (ver URL para dispositivos móviles) https://t.co/RZlTbQy5Th,#Trump 2021 Gold Plated Coin - #Yuuuge Roi! (see mobile URL) https://t.co/RZlTbQy5Th,1
343,343,Trump,🗣️#Trump anunció que se postulará en 2024 para regresar a la #casablanca,🗣️#Trump announced that he will run in 2024 to return to the #casablanca,1
344,344,Trump,#Trump candidato; #AnalisisInternacional con… https://t.co/3XG7SKoTMH,#Trump candidate; #InternationalAnalysis with… https://t.co/3XG7SKoTMH,0
345,345,Trump,#Colombia #USA a quienes dicen q @DonaldTrump es racista les presento a @AbrahamHamadeh reservista de @USArmy hijo… https://t.co/hEA7KWWT48,#Colombia #USA to those who say that @DonaldTrump is racist I present @AbrahamHamadeh reservist of @USArmy son… https://t.co/hEA7KWWT48,0
346,346,Trump,No free media for #Trump!,No free media for #Trump!,1
347,347,Trump,"#16Noviembre #Trump2024 Esperaba este momento, no conozco al Sr #Trump, pero con lo poco que se de el, me entra un… https://t.co/MJPVQQhOzo","#16Noviembre #Trump2024 I was waiting for this moment, I don't know Mr. #Trump, but with what little I know about him, I get a… https://t.co/MJPVQQhOzo",1
348,348,Trump,El anuncio d #Trump con un #ProgramaPolitico d #UltraDerecha...,#Trump's announcement with a #UltraRight #Political Program...,0
349,349,Trump,EEUU: Trump se lanza como candidato presidencial para el 2024,USA: Trump is launched as a presidential candidate for 2024,0
350,350,Trump,Hola #puertorico #usa #world #Meme dedicado al viejito senil #Trump q quiere regresar para seguir jodiendo a su nac… https://t.co/GrC7QVHQ39,Hello #puertorico #usa #world #Meme dedicated to the senile old man #Trump who wants to return to continue screwing his birth… https://t.co/GrC7QVHQ39,-1
351,351,Trump,"El tabloide New York Post, propiedad de Murdoch, sigue mandando a #Trump  mensaje… https://t.co/IBrrF56RUe",The Murdoch-owned New York Post tabloid continues to send #Trump a message… https://t.co/IBrrF56RUe,0
352,352,Trump,Informe desde #Washington: Donald #Trump anuncia su precandidatura para las elecciones de 2024,Report from #Washington: Donald #Trump announces his candidacy for the 2024 elections,0
353,353,Trump,Dado que #Trump vuelve a ser candidato en #EEUU me permito recomendar a colegas y responsables de redacciones que l… https://t.co/YmrzG0QkcV,"Given that #Trump is once again a candidate in the #USA, I would like to recommend to colleagues and newsroom managers that they… https://t.co/YmrzG0QkcV",1
354,354,Trump,Trump anuncia que competirá por la Presidencia de Estados Unidos en 2024,Trump announces that he will run for the Presidency of the United States in 2024,0
355,355,Trump,#DonaldTrump anunció su candidatura para la presidencia de #EstadosUnidos 🇺🇲 en 2024.… https://t.co/o0ajUzIgrD,#DonaldTrump announced his candidacy for the presidency of the #United States 🇺🇲 in 2024.… https://t.co/o0ajUzIgrD,0
356,356,Trump,#16Nov  #AsiLoDijo #Trump anuncia que competirá de nuevo por la Presidencia de #EEUU  https://t.co/jEV6mJnbV3 https://t.co/D82FVGV2Im,#16Nov #AsiLoDijo #Trump announces that he will compete again for the #US Presidency https://t.co/jEV6mJnbV3 https://t.co/D82FVGV2Im,0
357,357,Trump,Será??? 🤣 #BuenosDiasATodos en este día de #DebatirYRenovar y conociendo que la amenaza mundia llamada #Trump decid… https://t.co/r4mtylp9EB,Will be??? 🤣 #GoodMorningToAll on this day of #DebateAndRenew and knowing that the world threat called #Trump decided… https://t.co/r4mtylp9EB,-1
358,358,Trump,🇺🇸 | #Trump afirma que tenía la autoridad para decidir cuáles documentos de la Casa Blanca pertenecientes a su tiem… https://t.co/ESKJwwH2N3,🇺🇸 | #Trump claims he had the authority to decide which White House documents belonged to him at the time… https://t.co/ESKJwwH2N3,0
359,359,Trump,#UltimaHora #URGENTE #ExpoValencia2022 #Trump   #candidatura #omeprazol #MissVenezuela2022 #staracdemylive… https://t.co/0mFX6TvFm8,#UltimaHora #URGENTE #ExpoValencia2022 #Trump #candidatura #omeprazol #MissVenezuela2022 #staracdemylive… https://t.co/0mFX6TvFm8,0
360,360,Trump,#Trump anunció su candidatura a la presidencia d #EEUU en 2024 El empresario intentará retornar a la Casa Blanca tr… https://t.co/nYwouS84AQ,#Trump announced his candidacy for the #US presidency in 2024 The businessman will try to return to the White House tr… https://t.co/nYwouS84AQ,0
361,361,Trump,De Biden a DeSantis: las reacciones al anuncio de Donald Trump.,From Biden to DeSantis: reactions to Donald Trump's announcement.,0
362,362,Trump,#Trump #Trump2024 #DeSantis #Biden,#Trump #Trump2024 #DeSantis #Biden,1
363,363,Trump,Discurso completo de Donald Trump anunciando su candidatura para 2024.,Full speech of Donald Trump announcing his candidacy for 2024.,0
364,364,Trump,#Trump #Trump2024,#Trump #Trump2024,1
365,365,Trump,"🇺🇸 | #Trump sumó una nueva derrota en los comicios de medio mandato, al declararse perdedora la polémica mujer que… https://t.co/ysSAW7aFZ8","🇺🇸 | #Trump added a new defeat in the mid-term elections, by declaring the loser the controversial woman who… https://t.co/ysSAW7aFZ8",0
366,366,Trump,Donald Trump anuncia su candidatura a la Casa Blanca en 2024.,Donald Trump announces his candidacy for the White House in 2024.,0
367,367,Trump,#Trump,#Trump,1
368,368,Trump,"Juez bloquea el Título 42, la controvertida regla de pandemia de la era #Trump que permite a las autoridades estado… https://t.co/SZ8R3jxcnY","Judge blocks Title 42, the controversial #Trump-era pandemic rule that allows law enforcement to state… https://t.co/SZ8R3jxcnY",0
369,369,Trump,"""Trump va por la presidencia de EEUU.Por Enrique Cedeño.","""Trump is running for the US presidency. By Enrique Cedeño.",0
370,370,Trump,"🤨El expresidente de #EEUU, Donald #Trump, abrió la carrera por la nominación… https://t.co/8tLeIT5Qma","🤨The former president of #USA, Donald #Trump, opened the race for the nomination… https://t.co/8tLeIT5Qma",0
371,371,Trump,"🤨El expresidente de #EEUU, Donald #Trump, abrió la carrera por la nominación… https://t.co/f7QJM2AJnJ","🤨The former president of #USA, Donald #Trump, opened the race for the nomination… https://t.co/f7QJM2AJnJ",0
372,372,Trump,"@rsucre Dios mío, comenzaron Uds los adictos a lps Demócratas con la guerra contra #Trump.",@rsucre OMG you started you Democrat lps addicts with the war against #Trump.,1
373,373,Trump,Con estas palabras inauguró el expresidente Donald #Trump la i… https://t.co/lzNpy0huif,"With these words, former President Donald #Trump inaugurated the i… https://t.co/lzNpy0huif",0
374,374,Trump,Los medios reciben #maletinesnegros de los Demócratas  De #Trump no pellizcan nada de eso,Media receives #blackbriefcases from #Trump Democrats they don't pinch any of that,-1
375,375,Trump,#Trump tiene que presentarse a las elecciones para protegerse de las múltiples causas judiciales que le acosan https://t.co/vWgsaR1jSp,#Trump has to stand for election to protect himself from the multiple court cases that harass him https://t.co/vWgsaR1jSp,0
376,376,Trump,#Trump anunció ayer su candidatura presidencial para el 2024..,#Trump announced yesterday his presidential candidacy for 2024..,0
377,377,Trump,#Trump anunció su candidatura a presidente en 2024: “Para hacer que #EEUU vuelva a ser grande y glorioso'',"#Trump announced his candidacy for president in 2024: ""To make #America great and glorious again""",0
378,378,Trump,🚨​ Trump anuncia su candidatura a la Presidencia en 2024 para «devolver la gloria» a EEUU 🇺🇲,"🚨​ Trump announces his candidacy for the Presidency in 2024 to ""restore glory"" to the US 🇺🇲",0
379,379,Trump,#Trump #Trump2024… https://t.co/R9lgE6CCfc,#Trump #Trump2024… https://t.co/R9lgE6CCfc,1
380,380,Trump,"Yo estoy preparado”, lanzó Donald #Trump ante las decenas de seguidores que asistieron a su man… https://t.co/4cuj7KODwv","I'm ready,"" Donald #Trump launched before the dozens of followers who attended his man… https://t.co/4cuj7KODwv",1
381,381,Trump,#Trump si ricandida.,#Trump yes ricandida.,1
382,382,Trump,MUNDO| Donald #Trump anuncia oficialmente su candidatura a la presidencia de EE.UU.,WORLD| Donald #Trump officially announces his candidacy for the US presidency.,0
383,383,Trump,Esperando ando 😒 tengo hambre 😫 tengo sueño 😴😴 #Trump viejo ctm jajajajajja https://t.co/HDoGHkktcR,I'm waiting 😒 I'm hungry 😫 I'm sleepy 😴😴 #Trump old ctm hahahahaha https://t.co/HDoGHkktcR,1
384,384,Trump,Excelente propuesta de #Trump porque es la única forma de eliminar semejante flagelo de la humanidad.,Excellent proposal from #Trump because it is the only way to eliminate such a scourge of humanity.,1
385,385,Trump,#Trump 😳😳😂😂que ria beber lejia contra la covid...sin comentarios https://t.co/QeK02vEOnG,#Trump 😳😳😂😂 what a laugh drinking bleach against covid... no comments https://t.co/QeK02vEOnG,-1
386,386,Trump,Por qué apoyo a Trump?,Why do I support Trump?,-1
387,387,Trump,#Trump acosó a Maduro y a los Castro.,#Trump harassed Maduro and the Castros.,-1
388,388,Trump,"Por una parte, no hay que menospreciar las bases que le siguen apoyando y la capacidad de #Trump de continuar movil… https://t.co/CL67AKGLlL","On the one hand, we must not underestimate the bases that continue to support him and the ability of #Trump to continue mobile… https://t.co/CL67AKGLlL",0
389,389,Trump,"Donald Trump ha confirmado lo que todos sabíamos, su reelección y ello a pesar de las críticas internas de @GOP .","Donald Trump has confirmed what we all knew, his re-election and this despite internal criticism from @GOP .",0
390,390,Trump,💥 Vuelve #Trump,💥 #Trump is back,1
391,391,Trump,✓Trump anuncia su tercera candidatura a la presidencia de Estados Unidos https://t.co/MxDgFCs2iP #16Noviembre #Trump #EEUU #Politica,✓Trump announces his third candidacy for the presidency of the United States https://t.co/MxDgFCs2iP #16Noviembre #Trump #EEUU #Politica,0
392,392,Trump,A los medios estadounidenses: ¿recuerdan todos esos errores que cometieron en su cobertura de #Trump en las campaña… https://t.co/9LPmRgzmDc,To the US media: remember all those mistakes you made in your campaign coverage of #Trump… https://t.co/9LPmRgzmDc,0
393,393,Trump,"Trump defiende la necesidad de su vuelta a la presidencia: ""Hacer a América grande otra vez""… https://t.co/ANnwW0wpXe","Trump defends the need for his return to the presidency: ""Make America great again""… https://t.co/ANnwW0wpXe",0
394,394,Trump,🇺🇸 🗳 Donald #Trump oficializó su candidatura a la presidencia de #USA para las elecciones de 2024  🔹️lo confirmó de… https://t.co/kQQoOgTszG,🇺🇸 🗳 Donald #Trump formalized his candidacy for the #USA presidency for the 2024 elections 🔹️he confirmed it… https://t.co/kQQoOgTszG,0
395,395,Trump,Donald Trump anuncia su candidatura a la presidencia de Estados Unidos en 2024,Donald Trump announces his candidacy for the presidency of the United States in 2024,0
396,396,Trump,¿ Crees que @elonmusk activará la cuenta de #Trump en #Twitter en los próximos días ?,Do you think @elonmusk will activate the #Trump account on #Twitter in the next few days?,1
397,397,Trump,#Trump anuncia oficialmente su candidatura para las elecciones de 2024.,#Trump officially announces his candidacy for the 2024 elections.,0
398,398,Trump,Trump se refiere a las criptomonedas com… https://t.co/Yz3PvRwBSN,Trump refers to cryptocurrencies as… https://t.co/Yz3PvRwBSN,0
399,399,Trump,Vuelve la candidatura de #Trump #GOP,The #Trump #GOP candidacy returns,0
400,400,Trump,"""The sweetest thing"" para la democracia 🇺🇸 y, en general, todo el mundo occidental no es que #Trump2024 pierda la e… https://t.co/FWRljCgTEY","""The sweetest thing"" for democracy 🇺🇸 and, in general, the entire western world is not that #Trump2024 loses the e… https://t.co/FWRljCgTEY",0
401,401,Trump,"Dos años después, la comisión que investiga el asalto al #Capitolio, señala que #Trump sigue evadiendo su responsab… https://t.co/UJ4wdAf9S0","Two years later, the commission that investigates the assault on the #Capitol, points out that #Trump continues to evade his responsibility… https://t.co/UJ4wdAf9S0",0
402,402,Trump,El ex presidente de #EEUU Donald #Trump anuncia desde Florida su intención de competir en la #elecciones de 2024 pa… https://t.co/tO7gVDf6bf,Former #US President Donald #Trump announces from Florida his intention to compete in the 2024 #elections for… https://t.co/tO7gVDf6bf,0
403,403,Trump,"No se sabe quién es peor, #Biden o #Trump.","It is not known who is worse, #Biden or #Trump.",0
404,404,Trump,Donald Trump oficialmente candidato a las elecciones presidenciales de 2… https://t.co/wglYzHkTVa,Donald Trump officially a candidate for the 2nd presidential election… https://t.co/wglYzHkTVa,0
405,405,Trump,🇺🇸🗳️ | #Trump | #EEEUU | #Elecciones,🇺🇸🗳️ | #Trump | #USA | #Elections,1
406,406,Trump,Donald Trump anunció que será candidato a presidente en 2024,Donald Trump announced that he will be a candidate for president in 2024,0
407,407,Trump,"#Trump lanza la candidatura presidencial de 🇺🇸 para 2024, adelantándose a sus rivales.","#Trump launches the 🇺🇸 presidential candidacy for 2024, getting ahead of his rivals.",0
408,408,Trump,#MarALago Candidato presidencial #Trump https://t.co/h406v2v5pX,#MarALago Presidential Candidate #Trump https://t.co/h406v2v5pX,0
409,409,Trump,#Trump anuncia oficialmente su #candidatura para las elecciones presidenciales de #EEUU de 2024.… https://t.co/f7Zg3iG3uM,#Trump officially announces his #candidate for the 2024 #US presidential election.… https://t.co/f7Zg3iG3uM,0
410,410,Trump,#Trump anuncia que volverá a competir por la presidencia de Estados Unidos,#Trump announces that he will compete for the presidency of the United States again,0
411,411,Trump,Ahora que #Trump anuncia su candidatura presidencial para las elecciones de 2024 es buen momento para recordar el e… https://t.co/78fQ6bISd1,Now that #Trump announces his presidential candidacy for the 2024 elections it is a good time to remember the e… https://t.co/78fQ6bISd1,0
412,412,Trump,#EEUU Trump lanza su candidatura en el Partido Republicano para las presidenciales de 2024: hizo el anuncio oficial… https://t.co/TWIz5wPPFx,#USA Trump launches his candidacy in the Republican Party for the 2024 presidential elections: he made the official announcement… https://t.co/TWIz5wPPFx,0
413,413,Trump,"Algunos de los aliados más cercanos de #Trump en el Senado, incluidos Scott, Ted Cruz, de Texas, y Lindsey Graham,… https://t.co/1l3yuXp9qT","Some of #Trump's closest allies in the Senate, including Scott, Ted Cruz of Texas, and Lindsey Graham,… https://t.co/1l3yuXp9qT",0
414,414,Trump,#Trump se postula para la Presidencia de #EEUU en 2024 https://t.co/eOyv0dDEyG,#Trump is running for the #US Presidency in 2024 https://t.co/eOyv0dDEyG,0
415,415,Trump,"🇺🇸#Trump | El expresidente hizo el anuncio ante sus seguidores y la prensa, quienes se congregaron en la mansión de… https://t.co/g83zhuVWMN","🇺🇸 #Trump | The former president made the announcement before his followers and the press, who gathered at the mansion of… https://t.co/g83zhuVWMN",0
416,416,Trump,"Lo de #Trump ya lo adelantó @thegoodfight, como todo.","The #Trump thing was already announced by @thegoodfight, like everything else.",0
417,417,Trump,#Trump quiere al #INE https://t.co/zkgWMQ1H3u,#Trump wants #INE https://t.co/zkgWMQ1H3u,0
418,418,Trump,"Trump anuncia su candidatura a la Casa Blanca en 2024: ""El regreso de América empieza ahora""… https://t.co/6c2wZr4ti4","Trump announces his candidacy for the White House in 2024: ""The return of America begins now""… https://t.co/6c2wZr4ti4",1
419,419,Trump,¡¿Que no suba memes de #Trump?! ¡… https://t.co/6i4CpQTRE9,Don't upload #Trump memes?! … https://t.co/6i4CpQTRE9,-1
420,420,Trump,#Trump anuncia que se postulará para presidente en #2024.,#Trump announces that he will run for president in #2024.,0
421,421,Trump,#Trump vuelve al escenario.,#Trump returns to the stage.,1
422,422,Trump,"El problema de #Trump ahora es si algunos republicanos se unen a los demócratas por “intereses comerciales”, y saca… https://t.co/fIOt8vo2V2","#Trump's problem now is if some Republicans join the Democrats for ""commercial interests"", and he takes out… https://t.co/fIOt8vo2V2",0
